priority_rank,priority_tier,priority_score,category_file,sku,brand,normalized_brand,model_guess,name,slug,current_image_path_url,current_local_image_exists,is_best_seller,rating,review_count,sale_price
1,A,230.5,data/gas-fireplaces-scraped.json,SUP-DRL2055TEN,Superior,Superior,DRL2055TEN,Superior 55 Inch DRL2000 Direct Vent Linear Gas Fireplace - IPI,sup-drl2055ten,/products/gas-fireplaces/sup-drl2055ten-bce6f567.webp,yes,True,4.8,4,3849.0
2,A,228.0,data/gas-fireplaces-scraped.json,CUI-DVD36FP30N,Empire,Empire,DVD36FP30N,Empire 36 Inch Tahoe Deluxe Direct Vent Fireplace - Millivolt,cui-dvd36fp30n,/products/gas-fireplaces/cui-dvd36fp30n-200545f1.webp,yes,True,4.8,13,1799.0
3,A,224.0,data/gas-fireplaces-scraped.json,SUP-DRL2045TEN,Superior,Superior,DRL2045TEN,Superior 45 Inch DRL2000 Series Contemporary Direct Vent Linear Fireplace,sup-drl2045ten,/products/gas-fireplaces/sup-drl2045ten-bce6f567.webp,yes,True,4.8,4,3199.0
4,A,218.0,data/gas-fireplaces-scraped.json,KGM-OFP7972S1P2,Kingsman,Kingsman,OFP7972S1P2,Kingsman 72 Inch Barbara Jean Linear Outdoor Natural Gas Fireplace - IPI,kgm-ofp7972s1p2,/products/gas-fireplaces/kgm-ofp7972s1p2-bd3f0285.webp,yes,False,5.0,9,6718.39
5,A,216.0,data/gas-fireplaces-scraped.json,EMP-VFLB60SP90N,Empire,Empire,VFLB60SP90N,Empire 60 Inch Boulevard Linear See-Through Vent Free Gas Fireplace - Intermittent Pilot,emp-vflb60sp90n,/products/gas-fireplaces/emp-vflb60sp90n-a28875df.webp,yes,False,5.0,8,6109.0
6,A,215.5,data/gas-fireplaces-scraped.json,SUP-ODLVF72ZEN,Superior,Superior,ODLVF72ZEN,Superior VRE4672 Series 72 Inch Outdoor Vent Free Linear Gas Fireplace,sup-odlvf72zen,/products/gas-fireplaces/sup-odlvf72zen-fbe3b153.webp,yes,False,4.9,8,8669.0
7,A,212.0,data/gas-fireplaces-scraped.json,ODL-ODLANAIGST-48,Outdoor,Outdoor Lifestyles,ODLANAIGST-48,Outdoor Lifestyles 48 Inch Lanai See-Through Linear Outdoor Gas Fireplace - IntelliFire IPI,odl-odlanaigst-48,/products/gas-fireplaces/odl-odlanaigst-48-2e8775cb.webp,yes,False,4.6,7,5139.0
8,A,210.0,data/gas-fireplaces-scraped.json,CUI-OLL60FP12SN,Empire,Empire,OLL60FP12SN,Empire OLL60FP12SN Carol Rose Outdoor Stainless Steel Linear Fireplace,cui-oll60fp12sn,/products/gas-fireplaces/cui-oll60fp12sn-ce595907.webp,yes,False,5.0,5,5545.0
9,A,210.0,data/gas-fireplaces-scraped.json,EMP-VFLB72FP90N,Empire,Empire,VFLB72FP90N,Empire 72 Inch Boulevard Linear Vent Free Gas Fireplace - Intermittent Pilot,emp-vflb72fp90n,/products/gas-fireplaces/emp-vflb72fp90n-a4c37e93.webp,yes,False,5.0,5,7069.0
10,A,209.9,data/gas-fireplaces-scraped.json,NPL-RSS42NE,Napoleon,Napoleon,RSS42NE,Napoleon 42 Inch RSS42NE Riverside Clean Face Outdoor Vent Free Gas Fireplace,npl-rss42ne,/products/gas-fireplaces/npl-rss42ne-577eb19a.webp,yes,False,5.0,11,3789.0
11,A,209.0,data/gas-fireplaces-scraped.json,SUP-DRL3555TEN,Superior,Superior,DRL3555TEN,Superior 55 Inch DRL3500 Series Contemporary Linear Direct Vent Natural Gas Fireplace,sup-drl3555ten,/products/gas-fireplaces/sup-drl3555ten-e282025e.webp,yes,False,4.8,5,5119.0
12,A,209.0,data/gas-fireplaces-scraped.json,SUP-DRL3555TEP,Superior,Superior,DRL3555TEP,Superior 55 Inch DRL3500 Series Contemporary Linear Direct Vent Propane Fireplace,sup-drl3555tep,/products/gas-fireplaces/sup-drl3555tep-9a9422e5.webp,yes,False,4.8,5,5119.0
13,A,208.0,data/gas-fireplaces-scraped.json,FGO-OFP-60LECO-N,Firegear,Firegear,OFP-60LECO-N,Firegear 60 Inch Kalea Bay Outdoor Linear Fireplace,fgo-ofp-60leco-n,/products/gas-fireplaces/fgo-ofp-60leco-n-abc899ee.webp,yes,False,5.0,4,5149.0
14,A,208.0,data/gas-fireplaces-scraped.json,FGO-OFP-60LECO-NST,Firegear,Firegear,OFP-60LECO-NST,Firegear 60 Inch Kalea Bay See-Through Outdoor Linear Fireplace,fgo-ofp-60leco-nst,/products/gas-fireplaces/fgo-ofp-60leco-nst-abc899ee.webp,yes,False,5.0,4,5728.0
15,A,206.0,data/gas-fireplaces-scraped.json,SUP-DRL4072TEN,Superior,Superior,DRL4072TEN,Superior 72 Inch DRL4000 Linear Direct Vent Gas Fireplace - IPI Ignition,sup-drl4072ten,/products/gas-fireplaces/sup-drl4072ten-b119065c.webp,yes,False,5.0,3,9989.0
16,A,206.0,data/gas-fireplaces-scraped.json,MAJ-MER42PN,Majestic,Majestic,MER42PN,Majestic 42 Inch Meridian Platinum Gas Direct Vent Fireplace,maj-mer42pn,/products/gas-fireplaces/maj-mer42pn-7524eacc.webp,yes,False,5.0,3,5629.0
17,A,206.0,data/gas-fireplaces-scraped.json,NPL-TLV62N,Napoleon,Napoleon,TLV62N,Napoleon 62 Inch Vector Tall Direct Vent Linear Gas Fireplace,npl-tlv62n,/products/gas-fireplaces/npl-tlv62n-64bc1861.webp,yes,False,5.0,3,11489.0
18,A,206.0,data/gas-fireplaces-scraped.json,NPL-TLV62LN,Napoleon,Napoleon,TLV62LN,Napoleon 62 Inch Tall Vector Direct Vent Gas Linear Fireplace with Luminous Burner and LED Ember Bed,npl-tlv62ln,/products/gas-fireplaces/npl-tlv62ln-024da6c3.webp,yes,False,5.0,3,16079.0
19,A,205.7,data/gas-fireplaces-scraped.json,EMP-VFLB48SP90N,Empire,Empire,VFLB48SP90N,Empire 48 Inch Boulevard Linear See-Through Vent Free Gas Fireplace - Intermittent Pilot,emp-vflb48sp90n,/products/gas-fireplaces/emp-vflb48sp90n-23f79257.webp,yes,False,5.0,9,3769.0
20,A,205.5,data/gas-fireplaces-scraped.json,NPL-EX36PTEL,Napoleon,Napoleon,EX36PTEL,Napoleon 36 Inch Elevation X Direct Vent Propane Gas Fireplace,npl-ex36ptel,/products/gas-fireplaces/npl-ex36ptel-e7fb98ab.webp,yes,False,5.0,3,4949.0
21,A,205.1,data/gas-fireplaces-scraped.json,EMP-VFLB48FP90N,Empire,Empire,VFLB48FP90N,Empire 48 Inch Boulevard Linear Vent Free Gas Fireplace - Intermittent Pilot,emp-vflb48fp90n,/products/gas-fireplaces/emp-vflb48fp90n-7ddcc791.webp,yes,False,4.8,10,3605.0
22,A,204.5,data/gas-fireplaces-scraped.json,MGO-DRL6013NI,Montigo,Montigo,DRL6013NI,Montigo 60 Inch DelRay Basic Linear Direct Vent Gas Fireplace,mgo-drl6013ni,/products/gas-fireplaces/mgo-drl6013ni-0b858f1c.webp,yes,False,4.7,3,5349.0
23,A,204.0,data/gas-fireplaces-scraped.json,MON-AVFL60NIF,Monessen,Monessen,AVFL60NIF,Monessen 60 Inch Artisan Vent Free Linear Gas Fireplace,mon-avfl60nif,/products/gas-fireplaces/mon-avfl60nif-8b2bb017.webp,yes,False,5.0,2,5279.0
24,A,204.0,data/gas-fireplaces-scraped.json,MAJ-MARQ42IN,Majestic,Majestic,MARQ42IN,Majestic Marquis II 42 Inch Direct Vent Fireplace with IntelliFire Tough Ignition,maj-marq42in,/products/gas-fireplaces/maj-marq42in-c7878cf2.webp,yes,False,5.0,2,6699.0
25,A,204.0,data/gas-fireplaces-scraped.json,CUI-DVCX36FP91N,Empire,Empire,DVCX36FP91N,Empire Tahoe Luxury Clean Face Direct-Vent Multi-Function IPI Traditional Fireplace - 36 Inch,cui-dvcx36fp91n,/products/gas-fireplaces/cui-dvcx36fp91n-44dec2e7.webp,yes,False,5.0,2,5019.0
26,A,203.0,data/gas-fireplaces-scraped.json,FRK-01FR0348,FireRock,FireRock,01FR0348,FireRock 48 Inch See-Through Vented Masonry Fireplace,frk-01fr0348,/products/gas-fireplaces/frk-01fr0348-dce21ad8.webp,yes,False,5.0,4,4497.64
27,A,202.5,data/gas-fireplaces-scraped.json,MGO-DRL7213NI-2,Montigo,Montigo,DRL7213NI-2,Montigo 72 Inch DelRay Full Load Linear Direct Vent Gas Fireplace,mgo-drl7213ni-2,/products/gas-fireplaces/mgo-drl7213ni-2-6d8fc755.webp,yes,False,4.3,3,8929.0
28,A,202.2,data/gas-fireplaces-scraped.json,SUP-VRL4543ZMN,Superior,Superior,VRL4543ZMN,Superior 43 Inch Vent Free Linear Gas Fireplace,sup-vrl4543zmn,/products/gas-fireplaces/sup-vrl4543zmn-84d9053f.webp,yes,False,4.8,4,4519.0
29,A,202.0,data/gas-fireplaces-scraped.json,MGO-DRL4813NI-2,Montigo,Montigo,DRL4813NI-2,Montigo 48 Inch DelRay Full Load Linear Direct Vent Gas Fireplace,mgo-drl4813ni-2,/products/gas-fireplaces/mgo-drl4813ni-2-9ad1b35f.webp,yes,False,5.0,1,6109.0
30,A,202.0,data/gas-fireplaces-scraped.json,SUP-DRL4060TEN-B,Superior,Superior,DRL4060TEN-B,Superior 60 Inch DRL4060 Direct Vent Linear Gas Fireplace,sup-drl4060ten-b,/products/gas-fireplaces/sup-drl4060ten-b-54a6106a.webp,yes,False,5.0,1,7939.0
31,A,202.0,data/gas-fireplaces-scraped.json,NPL-LV50N-2,Napoleon,Napoleon,LV50N-2,Napoleon 50 Inch Vector Direct-Vent Linear Gas Fireplace - Electronic Ignition,npl-lv50n-2,/products/gas-fireplaces/npl-lv50n-2-5e1e08e9.webp,yes,False,5.0,1,5749.0
32,A,202.0,data/gas-fireplaces-scraped.json,SFL-VIENNA40-NG,Sierra,Sierra,VIENNA40,Sierra Flame 40 Inch Vienna Direct Vent Gas Fireplace,sfl-vienna40-ng,/products/gas-fireplaces/sfl-vienna40-ng-e8d34590.webp,yes,False,5.0,1,5151.99
33,A,202.0,data/gas-fireplaces-scraped.json,NPL-EX42NTEL,Napoleon,Napoleon,EX42NTEL,Napoleon 42 Inch Elevation X Direct Vent Natural Gas Fireplace,npl-ex42ntel,/products/gas-fireplaces/npl-ex42ntel-aedb25f3.webp,yes,False,5.0,1,5569.0
34,A,202.0,data/gas-fireplaces-scraped.json,SUP-DRL6060TEN-B,Superior,Superior,DRL6060TEN-B,Superior 60 Inch DRL6060 Direct Vent Linear Gas Fireplace,sup-drl6060ten-b,/products/gas-fireplaces/sup-drl6060ten-b-e15bda8e.webp,yes,False,5.0,1,10259.0
35,A,202.0,data/gas-fireplaces-scraped.json,EMP-DVLL36BP92N,Empire,Empire,DVLL36BP92N,Empire 36 Inch Boulevard Direct Vent Gas Linear Fireplace,emp-dvll36bp92n,/products/gas-fireplaces/emp-dvll36bp92n-edfde7af.webp,yes,False,5.0,1,5049.0
36,A,202.0,data/gas-fireplaces-scraped.json,FGO-OFP-60LECO-NLED,Firegear,Firegear,OFP-60LECO-NLED,Firegear 60 Inch Kalea Bay Outdoor Linear Fireplace with LED Lights,fgo-ofp-60leco-nled,/products/gas-fireplaces/fgo-ofp-60leco-nled-3a71ed30.webp,yes,False,5.0,1,5799.0
37,A,202.0,data/gas-fireplaces-scraped.json,NPL-TLV50N,Napoleon,Napoleon,TLV50N,Napoleon 50 Inch Vector Tall Direct Vent Linear Gas Fireplace,npl-tlv50n,/products/gas-fireplaces/npl-tlv50n-35046dae.webp,yes,False,5.0,1,8039.0
38,A,202.0,data/gas-fireplaces-scraped.json,EMP-DVLL72BP90N,Empire,Empire,DVLL72BP90N,Empire 72 Inch Boulevard Linear Direct Vent Gas Fireplace,emp-dvll72bp90n,/products/gas-fireplaces/emp-dvll72bp90n-55bb73d9.webp,yes,False,5.0,1,10969.0
39,A,202.0,data/gas-fireplaces-scraped.json,SUP-DRL3545TEN,Superior,Superior,DRL3545TEN,Superior 45 Inch DRL3500 Series Contemporary Linear Direct Vent Natural Gas Fireplace,sup-drl3545ten,/products/gas-fireplaces/sup-drl3545ten-133f7b59.webp,yes,False,4.8,4,4499.0
40,A,202.0,data/gas-fireplaces-scraped.json,MAJ-ECHEL48IN,Majestic,Majestic,ECHEL48IN,Majestic Echelon II 48 Inch Direct Vent Linear Fireplace with IntelliFire Plus Ignition,maj-echel48in,/products/gas-fireplaces/maj-echel48in-ef77b53a.webp,yes,False,5.0,1,5929.0
41,A,202.0,data/gas-fireplaces-scraped.json,SUP-DRL6072TEN,Superior,Superior,DRL6072TEN,Superior 72 Inch DRL6000 Linear Direct Vent Natural Gas Fireplace - IPI Ignition,sup-drl6072ten,/products/gas-fireplaces/sup-drl6072ten-0f2ccbae.webp,yes,False,5.0,1,12389.0
42,A,202.0,data/gas-fireplaces-scraped.json,EMP-DVCT40CBP95N,Empire,Empire,DVCT40CBP95N,Empire 40 Inch Rushmore Clean Face Direct Vent Gas Fireplace,emp-dvct40cbp95n,/products/gas-fireplaces/emp-dvct40cbp95n-731c2ff5.webp,yes,False,5.0,1,6555.0
43,A,202.0,data/gas-fireplaces-scraped.json,MAJ-ECHEL48STIN,Majestic,Majestic,ECHEL48STIN,Majestic Echelon II 48 Inch Direct Vent See-Through Fireplace with IntelliFire Plus Ignition,maj-echel48stin,/products/gas-fireplaces/maj-echel48stin-bd262b2d.webp,yes,False,5.0,1,7749.0
44,A,202.0,data/gas-fireplaces-scraped.json,MGO-DRSQ38NI-2,Montigo,Montigo,DRSQ38NI-2,Montigo 38 Inch DelRay Full Load Square Direct Vent Gas Fireplace,mgo-drsq38ni-2,/products/gas-fireplaces/mgo-drsq38ni-2-08f4dce1.webp,yes,False,5.0,1,5239.0
45,A,201.5,data/gas-fireplaces-scraped.json,NPL-EX36NTEL,Napoleon,Napoleon,EX36NTEL,Napoleon 36 Inch Elevation X Direct Vent Natural Gas Fireplace,npl-ex36ntel,/products/gas-fireplaces/npl-ex36ntel-ef1fd4cc.webp,yes,False,5.0,1,4949.0
46,A,201.1,data/gas-fireplaces-scraped.json,KGM-MCVST42N,Kingsman,Kingsman,MCVST42N,Kingsman Clean View Direct Vent See Through Gas Fireplace - Millivolt - MCVST42,kgm-mcvst42n,/products/gas-fireplaces/kgm-mcvst42n-c35807f7.webp,yes,False,5.0,5,4110.89
47,A,198.9,data/gas-fireplaces-scraped.json,EMP-EMBC3SUH-DVP36FP71N,Empire,Empire,EMBC3SUH-DVP36FP71N,Empire Corner Mantel and Tahoe Premium 36 Inch Direct Vent Fireplace with Blower - IPI,emp-embc3suh-dvp36fp71n,/products/gas-fireplaces/emp-embc3suh-dvp36fp71n-13249422.webp,yes,False,5.0,2,4488.0
48,A,198.8,data/outdoor-fireplaces-scraped.json,ODL-ODCOUG-42NR,Outdoor,Outdoor Lifestyles,ODCOUG-42NR,Outdoor Lifestyles 42 Inch Courtyard Outdoor Gas Fireplace,odl-odcoug-42nr,/products/outdoor-fireplaces/odl-odcoug-42nr-e2b38ec4.webp,yes,True,5.0,2,2979.0
49,A,198.6,data/gas-fireplaces-scraped.json,CUI-OLL48SP12SN,Empire,Empire,OLL48SP12SN,Empire OLL48SP12SN Carol Rose Outdoor Stainless Steel See-Through Linear Fireplace,cui-oll48sp12sn,/products/gas-fireplaces/cui-oll48sp12sn-e6f66860.webp,yes,False,5.0,1,4659.0
50,A,198.4,data/gas-fireplaces-scraped.json,SUP-VRE4342ZENWH,Superior,Superior,VRE4342ZENWH,Superior VRE4300 Custom Series 42 Inch Outdoor Vent-Free Natural Gas Fireplace Firebox,sup-vre4342zenwh,/products/gas-fireplaces/sup-vre4342zenwh-e258cd88.webp,yes,False,5.0,1,4639.0
51,B,198.0,data/outdoor-fireplaces-scraped.json,KGM-OFP7972S1P2,Kingsman,Kingsman,OFP7972S1P2,Kingsman 72 Inch Barbara Jean Linear Outdoor Natural Gas Fireplace - IPI,kgm-ofp7972s1p2,/products/outdoor-fireplaces/kgm-ofp7972s1p2-bd3f0285.webp,yes,False,5.0,9,6718.39
52,B,198.0,data/outdoor-fireplaces-scraped.json,NPL-GSS42CFN,Napoleon,Napoleon,GSS42CFN,Napoleon Riverside Series 42 Inch Clean Face Outdoor Stainless Steel Gas Fireplace - GSS42CFN,npl-gss42cfn,/products/outdoor-fireplaces/npl-gss42cfn-d706e0dc.webp,yes,False,5.0,9,5769.0
53,B,197.5,data/gas-fireplaces-scraped.json,ODL-ODLANAIG-48,Outdoor,Outdoor Lifestyles,ODLANAIG-48,Outdoor Lifestyles 48 Inch Lanai Linear Outdoor Gas Fireplace - IntelliFire IPI,odl-odlanaig-48,/products/gas-fireplaces/odl-odlanaig-48-44053869.webp,yes,False,5.0,1,4549.0
54,B,197.5,data/gas-fireplaces-scraped.json,FRK-01FR0548,FireRock,FireRock,01FR0548,FireRock 48 Inch Rumford Style Vented Masonry Fireplace,frk-01fr0548,/products/gas-fireplaces/frk-01fr0548-2ff2daa3.webp,yes,False,4.3,3,4497.64
55,B,197.0,data/gas-fireplaces-scraped.json,NPL-AX42NTE-1,Napoleon,Napoleon,AX42NTE-1,Napoleon 42 Inch Updated Altitude X Direct Vent Gas Fireplace,npl-ax42nte-1,/products/gas-fireplaces/npl-ax42nte-1-fd1156b0.webp,yes,False,4.3,3,4449.0
56,B,197.0,data/gas-fireplaces-scraped.json,NPL-LV50N2-2,Napoleon,Napoleon,LV50N2-2,Napoleon 50 Inch See-Through Vector Direct Vent Linear Gas Fireplace - Electronic Ignition,npl-lv50n2-2,/products/gas-fireplaces/npl-lv50n2-2-52578042.webp,yes,False,4.0,1,7459.0
57,B,197.0,data/gas-fireplaces-scraped.json,NPL-LV62N,Napoleon,Napoleon,LV62N,Napoleon 62 Inch Vector Direct Vent Linear Gas Fireplace - Electronic Ignition,npl-lv62n,/products/gas-fireplaces/npl-lv62n-c3613f41.webp,yes,False,4.0,1,9189.0
58,B,196.2,data/gas-fireplaces-scraped.json,EMP-VFLB48FP30N,Empire,Empire,VFLB48FP30N,Empire 48 Inch Boulevard Linear Vent Free Gas Fireplace - Millivolt Pilot,emp-vflb48fp30n,/products/gas-fireplaces/emp-vflb48fp30n-7ddcc791.webp,yes,False,4.7,7,3365.0
59,B,196.2,data/gas-fireplaces-scraped.json,MAJ-LCOR-DV36IN,Majestic,Majestic,LCOR-DV36IN,Majestic 36 Inch Direct Vent Natural Gas Fireplace with IntelliFire Touch Ignition - Left Corner,maj-lcor-dv36in,/products/gas-fireplaces/maj-lcor-dv36in-32c9482e.webp,yes,False,5.0,1,4419.0
60,B,196.1,data/gas-fireplaces-scraped.json,CUI-DVX42FP93CLN,Empire,Empire,DVX42FP93CLN,Empire 42 Inch Tahoe Luxury Direct Vent Fireplace RF Package - IPI,cui-dvx42fp93cln,/products/gas-fireplaces/cui-dvx42fp93cln-625e371a.webp,yes,False,4.0,1,4909.0
61,B,195.7,data/outdoor-fireplaces-scraped.json,KGM-OFP7972S1,Kingsman,Kingsman,OFP7972S1,Kingsman 72 Inch Single Sided Barbara Jean Series Outdoor Linear Gas Fireplace,kgm-ofp7972s1,/products/outdoor-fireplaces/kgm-ofp7972s1-29edddae.webp,yes,False,5.0,9,4765.79
62,B,195.6,data/gas-fireplaces-scraped.json,CUI-OLL48FP12SN,Empire,Empire,OLL48FP12SN,Empire OLL48FP12SN Carol Rose Outdoor Stainless Steel Linear Fireplace,cui-oll48fp12sn,/products/gas-fireplaces/cui-oll48fp12sn-ce595907.webp,yes,False,5.0,1,4359.0
63,B,195.5,data/outdoor-fireplaces-scraped.json,SUP-ODLVF72ZEN,Superior,Superior,ODLVF72ZEN,Superior VRE4672 Series 72 Inch Outdoor Vent Free Linear Gas Fireplace,sup-odlvf72zen,/products/outdoor-fireplaces/sup-odlvf72zen-fbe3b153.webp,yes,False,4.9,8,8669.0
64,B,195.2,data/gas-fireplaces-scraped.json,MON-ODCOUG-42,Outdoor,Outdoor Lifestyles,ODCOUG-42,Outdoor Lifestyles Courtyard 42 Inch Outdoor Traditional Fireplace,mon-odcoug-42,/products/gas-fireplaces/mon-odcoug-42-2c9b7e00.webp,yes,False,5.0,8,2919.0
65,B,195.1,data/gas-fireplaces-scraped.json,SUP-VRE4536WS,Superior,Superior,VRE4536WS,Superior VRE4536 Custom Series 36 Inch Outdoor Vent-Free Gas Fireplace Firebox,sup-vre4536ws,/products/gas-fireplaces/sup-vre4536ws-5a605356.webp,yes,False,4.0,1,4809.0
66,B,195.0,data/gas-fireplaces-scraped.json,FGO-OFP-36LECO-NLED,Firegear,Firegear,OFP-36LECO-NLED,Firegear 36 Inch Kalea Bay Outdoor Linear Fireplace with LED Lights,fgo-ofp-36leco-nled,/products/gas-fireplaces/fgo-ofp-36leco-nled-3a71ed30.webp,yes,False,5.0,1,4299.0
67,B,194.9,data/gas-fireplaces-scraped.json,EMP-EMBC3SUH-DVP36FP31N,Empire,Empire,EMBC3SUH-DVP36FP31N,Empire Corner Mantel and Tahoe Premium 36 Inch Direct Vent Fireplace with Blower - Millivolt Pilot,emp-embc3suh-dvp36fp31n,/products/gas-fireplaces/emp-embc3suh-dvp36fp31n-13249422.webp,yes,False,5.0,2,4088.0
68,B,193.1,data/gas-fireplaces-scraped.json,NPL-AX36NTE-1,Napoleon,Napoleon,AX36NTE-1,Napoleon 36 Inch Updated Altitude X Direct Vent Gas Fireplace,npl-ax36nte-1,/products/gas-fireplaces/npl-ax36nte-1-fd1156b0.webp,yes,False,5.0,1,4109.0
69,B,192.9,data/gas-fireplaces-scraped.json,KGM-MCVP42N,Kingsman,Kingsman,MCVP42N,Kingsman Clean View Peninsula Direct Vent Gas Fireplace - Millivolt - MCVP42,kgm-mcvp42n,/products/gas-fireplaces/kgm-mcvp42n-d5250c4b.webp,yes,False,5.0,1,4087.19
70,B,192.9,data/gas-fireplaces-scraped.json,SUP-VRT4550RS,Superior,Superior,VRT4550RS,Superior 50 Inch VRT4500 Custom Series Vent Free Gas Fireplace Firebox,sup-vrt4550rs,/products/gas-fireplaces/sup-vrt4550rs-00b13d13.webp,yes,False,5.0,1,4089.0
71,B,192.7,data/gas-fireplaces-scraped.json,MAJ-QUARTZPLA36IL,Majestic,Majestic,QUARTZPLA36IL,Majestic Quartz 36 Inch Quartz Platinum Top/Rear Direct Vent Gas Fireplace with IntelliFire Touch,maj-quartzpla36il,/products/gas-fireplaces/maj-quartzpla36il-5660ca54.webp,yes,False,5.0,3,3669.0
72,B,192.6,data/gas-fireplaces-scraped.json,MAJ-MER42N,Majestic,Majestic,MER42N,Majestic 42 Inch Meridian Gas Direct Vent Fireplace,maj-mer42n,/products/gas-fireplaces/maj-mer42n-7524eacc.webp,yes,False,5.0,1,4059.0
73,B,192.5,data/gas-fireplaces-scraped.json,CUI-DVP36FP91N,Empire,Empire,DVP36FP91N,Empire 36 Inch Tahoe Premium Direct Vent Fireplace RF Package,cui-dvp36fp91n,/products/gas-fireplaces/cui-dvp36fp91n-8e54fc7e.webp,yes,False,5.0,4,3449.0
74,B,192.2,data/gas-fireplaces-scraped.json,CUI-DVP36SP32EN,Empire,Empire,DVP36SP32EN,Empire 36 Inch Tahoe Premium Direct Vent See Through Fireplace,cui-dvp36sp32en,/products/gas-fireplaces/cui-dvp36sp32en-854dc62a.webp,yes,False,5.0,2,3819.0
75,B,192.2,data/gas-fireplaces-scraped.json,NPL-E42NTE,Napoleon,Napoleon,E42NTE,Napoleon 42 Inch Elevation Direct Vent Gas Fireplace - Electronic Ignition,npl-e42nte,/products/gas-fireplaces/npl-e42nte-a72ce15a.webp,yes,False,5.0,1,4019.0
76,B,192.0,data/gas-fireplaces-scraped.json,SUP-DRL3535TEN,Superior,Superior,DRL3535TEN,Superior 35 Inch DRL3500 Series Contemporary Linear Direct Vent Natural Gas Fireplace,sup-drl3535ten,/products/gas-fireplaces/sup-drl3535ten-133f7b59.webp,yes,False,5.0,1,3999.0
77,B,192.0,data/gas-fireplaces-scraped.json,KGM-ZCVRB60NE,Kingsman,Kingsman,ZCVRB60NE,Kingsman ZCVRB60 Linear Direct Vent Gas Fireplace - IPI Pilot,kgm-zcvrb60ne,/products/gas-fireplaces/kgm-zcvrb60ne-df088e64.webp,yes,False,5.0,1,4001.39
78,B,192.0,data/gas-fireplaces-scraped.json,EMP-EMBC4SUH-DVD42FP31N,Empire,Empire,EMBC4SUH-DVD42FP31N,Empire Corner Mantel and 42 Inch Tahoe Deluxe Direct Vent Fireplace with Blower - Millivolt Pilot,emp-embc4suh-dvd42fp31n,/products/gas-fireplaces/emp-embc4suh-dvd42fp31n-13249422.webp,yes,False,5.0,1,3998.0
79,B,192.0,data/outdoor-fireplaces-scraped.json,ODL-ODLANAIGST-48,Outdoor,Outdoor Lifestyles,ODLANAIGST-48,Outdoor Lifestyles 48 Inch Lanai See-Through Linear Outdoor Gas Fireplace - IntelliFire IPI,odl-odlanaigst-48,/products/outdoor-fireplaces/odl-odlanaigst-48-2e8775cb.webp,yes,False,4.6,7,5139.0
80,B,191.7,data/gas-fireplaces-scraped.json,EMP-EMBC4SUH-DVP42FP30N,Empire,Empire,EMBC4SUH-DVP42FP30N,Empire Corner Mantel and 42 Inch Tahoe Premium Direct Vent Fireplace - Millivolt Pilot,emp-embc4suh-dvp42fp30n,/products/gas-fireplaces/emp-embc4suh-dvp42fp30n-13249422.webp,yes,False,5.0,1,3968.0
81,B,191.3,data/gas-fireplaces-scraped.json,CUI-DVP42FP91N,Empire,Empire,DVP42FP91N,Empire 42 Inch Tahoe Premium Direct Vent Fireplace RF Package,cui-dvp42fp91n,/products/gas-fireplaces/cui-dvp42fp91n-06609424.webp,yes,False,5.0,3,3529.0
82,B,191.2,data/gas-fireplaces-scraped.json,MAJ-RCOR-DV36IN,Majestic,Majestic,RCOR-DV36IN,Majestic 36 Inch Direct Vent Natural Gas Fireplace with IntelliFire Touch Ignition - Right Corner,maj-rcor-dv36in,/products/gas-fireplaces/maj-rcor-dv36in-cd5c5df9.webp,yes,False,4.0,1,4419.0
83,B,191.1,data/gas-fireplaces-scraped.json,FRK-01FR0048,FireRock,FireRock,01FR0048,FireRock 48 Inch Conventional Masonry Fireplace,frk-01fr0048,/products/gas-fireplaces/frk-01fr0048-fe3884e4.webp,yes,False,4.5,4,3564.59
84,B,191.0,data/gas-fireplaces-scraped.json,MON-AVFL42NIF-RB,Monessen,Monessen,AVFL42NIF-RB,Monessen 42 Inch Artisan Vent Free Linear Gas Fireplace - 24K BTU,mon-avfl42nif-rb,/products/gas-fireplaces/mon-avfl42nif-rb-8b2bb017.webp,yes,False,4.6,7,2899.0
85,B,191.0,data/gas-fireplaces-scraped.json,SUP-VRL3045ZEN,Superior,Superior,VRL3045ZEN,Superior 45 Inch VRL3045 Vent Free Linear Gas Fireplace,sup-vrl3045zen,/products/gas-fireplaces/sup-vrl3045zen-55a99a7e.webp,yes,False,5.0,1,3899.0
86,B,190.7,data/gas-fireplaces-scraped.json,BSC-PA-KDFPC34-NV-344EBLP-CONTMP,Buck,Buck,PA-KDFPC34-NV-344EBLP-CONTMP,Buck Stove Classic Corner Fireplace Mantel with Model 34 Contemporary Vent Free Gas Fireplace,bsc-pa-kdfpc34-nv-344eblp-contmp,/products/gas-fireplaces/bsc-pa-kdfpc34-nv-344eblp-contmp-ed38bb9f.webp,yes,False,5.0,2,3674.0
87,B,190.5,data/gas-fireplaces-scraped.json,NPL-BLP42NTE,Napoleon,Napoleon,BLP42NTE,Napoleon 42 Inch Ascent Premium Direct Vent Linear Gas Fireplace,npl-blp42nte,/products/gas-fireplaces/npl-blp42nte-4c94487c.webp,yes,False,5.0,1,3849.0
88,B,190.4,data/gas-fireplaces-scraped.json,CUI-DVP48FP91N,Empire,Empire,DVP48FP91N,Empire 48 Inch Tahoe Premium Direct Vent Fireplace RF Package,cui-dvp48fp91n,/products/gas-fireplaces/cui-dvp48fp91n-06609424.webp,yes,False,5.0,1,3839.0
89,B,190.3,data/gas-fireplaces-scraped.json,FRK-01FR0342,FireRock,FireRock,01FR0342,FireRock 42 Inch See-Through Vented Masonry Fireplace,frk-01fr0342,/products/gas-fireplaces/frk-01fr0342-dce21ad8.webp,yes,False,4.0,1,4328.99
90,B,190.3,data/gas-fireplaces-scraped.json,SFL-STANFORD-55G-LP-DELUXE-STANFORD-CLEAN-BLK,Sierra,Sierra,STANFORD-55G,Sierra Flame 55 Inch Stanford Deluxe Linear Direct Vent Gas Fireplace with Surround,sfl-stanford-55g-lp-deluxe-stanford-clean-blk,/products/gas-fireplaces/sfl-stanford-55g-lp-deluxe-stanford-clean-blk-a7edfdba.webp,yes,False,3.0,1,4833.59
91,B,190.2,data/gas-fireplaces-scraped.json,SUP-DRT2033TEN,Superior,Superior,DRT2033TEN,Superior DRT2033 Merit Series 33 Inch Top Vent Fireplace with Aged Oak Logs - Electronic Ignition,sup-drt2033ten,/products/gas-fireplaces/sup-drt2033ten-b8eb2a94.webp,yes,False,4.7,10,2169.0
92,B,190.2,data/gas-fireplaces-scraped.json,SFL-STANFORD-55G-LP-DELUXE-STANFORD-SUR-SS,Sierra,Sierra,STANFORD-55G,Sierra Flame 55 Inch Stanford Deluxe Linear Direct Vent Gas Fireplace with Decorative Surround,sfl-stanford-55g-lp-deluxe-stanford-sur-ss,/products/gas-fireplaces/sfl-stanford-55g-lp-deluxe-stanford-sur-ss-a7edfdba.webp,yes,False,3.0,1,4818.39
93,B,190.0,data/outdoor-fireplaces-scraped.json,CUI-OLL60FP12SN,Empire,Empire,OLL60FP12SN,Empire OLL60FP12SN Carol Rose Outdoor Stainless Steel Linear Fireplace,cui-oll60fp12sn,/products/outdoor-fireplaces/cui-oll60fp12sn-ce595907.webp,yes,False,5.0,5,5545.0
94,B,189.9,data/outdoor-fireplaces-scraped.json,NPL-RSS42NE,Napoleon,Napoleon,RSS42NE,Napoleon 42 Inch RSS42NE Riverside Clean Face Outdoor Vent Free Gas Fireplace,npl-rss42ne,/products/outdoor-fireplaces/npl-rss42ne-577eb19a.webp,yes,False,5.0,11,3789.0
95,B,189.5,data/gas-fireplaces-scraped.json,SUP-VRE3242ZENWS,Superior,Superior,VRE3242ZENWS,Superior 42 Inch VRE3200 Outdoor Vent Free Outdoor Fireplace Firebox,sup-vre3242zenws,/products/gas-fireplaces/sup-vre3242zenws-5e6cb356.webp,yes,False,4.0,1,4249.0
96,B,189.1,data/electric-fireplaces-scraped.json,DPX-BF39DXP,Dimplex,Dimplex,BF39DXP,Dimplex 39 Inch Deluxe Built-In Electric Fireplace Firebox,dpx-bf39dxp,/products/electric-fireplaces/dpx-bf39dxp-ca95742a.webp,yes,True,5.0,3,1312.49
97,B,189.0,data/gas-fireplaces-scraped.json,MGO-DRSQ38NI,Montigo,Montigo,DRSQ38NI,Montigo 38 Inch DelRay Basic Square Direct Vent Gas Fireplace,mgo-drsq38ni,/products/gas-fireplaces/mgo-drsq38ni-08f4dce1.webp,yes,False,5.0,1,3699.0
98,B,189.0,data/electric-fireplaces-scraped.json,LDH-VEW60-A,Litedeer,Litedeer,VEW60-A,Litedeer Homes 60 Inch Mercury Smart Water Vapor Fireplace with See Through Option,ldh-vew60-a,/products/electric-fireplaces/ldh-vew60-a-bac18c18.webp,yes,False,5.0,2,4999.0
99,B,189.0,data/electric-fireplaces-scraped.json,NPL-NEFL65LCD-3SV,Napoleon,Napoleon,NEFL65LCD-3SV,Napoleon 65 Inch Luminex LCD Built-In Bay Front Linear Electric Fireplace with Corner Options,npl-nefl65lcd-3sv,/products/electric-fireplaces/npl-nefl65lcd-3sv-dae9ab64.webp,yes,False,5.0,2,5029.0
100,B,188.6,data/gas-fireplaces-scraped.json,EMP-EMBC4SUH-DVD42FP30N,Empire,Empire,EMBC4SUH-DVD42FP30N,Empire Corner Mantel and 42 Inch Tahoe Deluxe Direct Vent Fireplace - Millivolt Pilot,emp-embc4suh-dvd42fp30n,/products/gas-fireplaces/emp-embc4suh-dvd42fp30n-13249422.webp,yes,False,5.0,1,3658.0
101,B,188.4,data/gas-fireplaces-scraped.json,MGO-DRL3613NI-2,Montigo,Montigo,DRL3613NI-2,Montigo 36 Inch DelRay Full Load Linear Direct Vent Gas Fireplace,mgo-drl3613ni-2,/products/gas-fireplaces/mgo-drl3613ni-2-1c2d160b.webp,yes,False,3.0,1,4639.0
102,B,188.2,data/gas-fireplaces-scraped.json,MON-AVFL48NIF,Monessen,Monessen,AVFL48NIF,Monessen 48 Inch Artisan Vent Free Linear Gas Fireplace,mon-avfl48nif,/products/gas-fireplaces/mon-avfl48nif-8b2bb017.webp,yes,False,4.0,1,4119.0
103,B,188.2,data/gas-fireplaces-scraped.json,MSL-MFP49VF,Mason,Mason Lite,MFP49VF,Mason Lite 49 Inch Vent Free Gas Masonry Fireplace Firebox Kit,msl-mfp49vf,/products/gas-fireplaces/msl-mfp49vf-b41c6bf5.webp,yes,False,5.0,1,3619.19
104,B,188.0,data/gas-fireplaces-scraped.json,NPL-E36NT,Napoleon,Napoleon,E36NT,Napoleon 36 Inch Elevation Direct Vent Gas Fireplace - Millivolt,npl-e36nt,/products/gas-fireplaces/npl-e36nt-a72ce15a.webp,yes,False,5.0,2,3399.0
105,B,188.0,data/gas-fireplaces-scraped.json,FRK-01FR1042,FireRock,FireRock,01FR1042,FireRock 42 Inch California Conventional Masonry Fireplace,frk-01fr1042,/products/gas-fireplaces/frk-01fr1042-ce51eb29.webp,yes,False,4.5,2,3650.39
106,B,188.0,data/gas-fireplaces-scraped.json,NPL-E42NT,Napoleon,Napoleon,E42NT,Napoleon 42 Inch Elevation Direct Vent Gas Fireplace - Millivolt,npl-e42nt,/products/gas-fireplaces/npl-e42nt-a72ce15a.webp,yes,False,5.0,1,3599.0
107,B,188.0,data/outdoor-fireplaces-scraped.json,FGO-OFP-60LECO-N,Firegear,Firegear,OFP-60LECO-N,Firegear 60 Inch Kalea Bay Outdoor Linear Fireplace,fgo-ofp-60leco-n,/products/outdoor-fireplaces/fgo-ofp-60leco-n-abc899ee.webp,yes,False,5.0,4,5149.0
108,B,188.0,data/outdoor-fireplaces-scraped.json,FGO-OFP-60LECO-NST,Firegear,Firegear,OFP-60LECO-NST,Firegear 60 Inch Kalea Bay See-Through Outdoor Linear Fireplace,fgo-ofp-60leco-nst,/products/outdoor-fireplaces/fgo-ofp-60leco-nst-abc899ee.webp,yes,False,5.0,4,5728.0
109,B,187.8,data/gas-fireplaces-scraped.json,EMP-DVD36FP71N,Empire,Empire,DVD36FP71N,Empire 36 Inch Deluxe Tahoe Direct Vent Fireplace with Blower - Intermittent Pilot,emp-dvd36fp71n,/products/gas-fireplaces/emp-dvd36fp71n-200545f1.webp,yes,False,5.0,7,2379.0
110,B,187.6,data/gas-fireplaces-scraped.json,ODL-ODCOUG-42TS,Outdoor,Outdoor Lifestyles,ODCOUG-42TS,Outdoor Lifestyles 42 Inch Courtyard Outdoor Vent Free Gas Fireplace with Concrete Refractory Panels,odl-odcoug-42ts,/products/gas-fireplaces/odl-odcoug-42ts-e2b38ec4.webp,yes,False,5.0,2,3359.0
111,B,187.6,data/gas-fireplaces-scraped.json,SFL-STANFORD-55G-LP-DELUXE-STANFORD-SB,Sierra,Sierra,STANFORD-55G,Sierra Flame 55 Inch Stanford Deluxe Linear Direct Vent Gas Fireplace with Basic Trim,sfl-stanford-55g-lp-deluxe-stanford-sb,/products/gas-fireplaces/sfl-stanford-55g-lp-deluxe-stanford-sb-a7edfdba.webp,yes,False,3.0,1,4562.99
112,B,187.5,data/gas-fireplaces-scraped.json,FRK-01FR0036,FireRock,FireRock,01FR0036,FireRock 36 Inch Conventional Masonry Fireplace,frk-01fr0036,/products/gas-fireplaces/frk-01fr0036-fe3884e4.webp,yes,False,5.0,1,3547.79
113,B,187.2,data/gas-fireplaces-scraped.json,FRK-01FR0536,FireRock,FireRock,01FR0536,FireRock 36 Inch Rumford Style Vented Masonry Fireplace,frk-01fr0536,/products/gas-fireplaces/frk-01fr0536-2ff2daa3.webp,yes,False,5.0,1,3520.99
114,B,187.0,data/electric-fireplaces-scraped.json,DIM-X-XLF10017-XD,Dimplex,Dimplex,X-XLF10017-XD,Dimplex 100 Inch IgniteXL Bold Built-in Bay Front Linear Electric Fireplace with Corner Options,dim-x-xlf10017-xd,/products/electric-fireplaces/dim-x-xlf10017-xd-a72ce016.webp,yes,False,5.0,1,6249.99
115,B,187.0,data/electric-fireplaces-scraped.json,MDF-OR60-MULTI,Modern,Modern Flames,OR60-MULTI,Modern Flames 60 Inch Orion Bay Front Electric Wall Fireplace,mdf-or60-multi,/products/electric-fireplaces/mdf-or60-multi-31b36d57.webp,yes,False,5.0,1,5299.0
116,B,186.7,data/gas-fireplaces-scraped.json,EMP-DVP48FP71N,Empire,Empire,DVP48FP71N,Empire 48 Inch Premium Tahoe Direct Vent Fireplace with Blower - Intermittent Pilot,emp-dvp48fp71n,/products/gas-fireplaces/emp-dvp48fp71n-31a7279a.webp,yes,False,5.0,1,3469.0
117,B,186.6,data/gas-fireplaces-scraped.json,KGM-HBZDV4224N,Kingsman,Kingsman,HBZDV4224N,Kingsman 42 Inch HBZDV4224 Direct Vent Gas Fireplace,kgm-hbzdv4224n,/products/gas-fireplaces/kgm-hbzdv4224n-ab01536a.webp,yes,False,4.7,9,2007.49
118,B,186.4,data/gas-fireplaces-scraped.json,FRK-01FR0042,FireRock,FireRock,01FR0042,FireRock 42 Inch Conventional Masonry Fireplace,frk-01fr0042,/products/gas-fireplaces/frk-01fr0042-fe3884e4.webp,yes,False,4.0,1,3944.19
119,B,186.4,data/gas-fireplaces-scraped.json,MAJ-JADE42IN,Majestic,Majestic,JADE42IN,Majestic 42 Inch Jade Series Direct Vent Gas Fireplace - Electronic Ignition,maj-jade42in,/products/gas-fireplaces/maj-jade42in-9d165737.webp,yes,False,5.0,1,3439.0
120,B,186.3,data/gas-fireplaces-scraped.json,CUI-VFP36SP32EN,Empire,Empire,VFP36SP32EN,Empire 36 Inch Vail Premium Vent Free Natural Gas See-Through Fireplace,cui-vfp36sp32en,/products/gas-fireplaces/cui-vfp36sp32en-39706158.webp,yes,False,5.0,3,3029.0
121,B,186.0,data/gas-fireplaces-scraped.json,SUP-DRT3535DEN-E,Superior,Superior,DRT3535DEN-E,Superior 35 Inch DRT3500 Direct Vent Gas Fireplace - Electronic Ignition,sup-drt3535den-e,/products/gas-fireplaces/sup-drt3535den-e-ac422523.webp,yes,False,5.0,1,3399.0
122,B,185.9,data/electric-fireplaces-scraped.json,NPL-NEFB36LCD-MF,Napoleon,Napoleon,NEFB36LCD-MF,Napoleon 36 Inch Elevation X Electric Built-In Smart Electric Fireplace,npl-nefb36lcd-mf,/products/electric-fireplaces/npl-nefb36lcd-mf-8bcefe3e.webp,yes,False,5.0,6,3889.0
123,B,185.7,data/gas-inserts-scraped.json,SUP-DRI2027TEN,Superior,Superior,DRI2027TEN,Superior 27 Inch Direct Vent Gas Fireplace Insert,sup-dri2027ten,/products/gas-inserts/sup-dri2027ten-fd9b4de4.webp,yes,True,5.0,1,2869.0
124,B,185.6,data/gas-fireplaces-scraped.json,FRK-01FR0336,FireRock,FireRock,01FR0336,FireRock 36 Inch See-Through Vented Masonry Fireplace,frk-01fr0336,/products/gas-fireplaces/frk-01fr0336-dce21ad8.webp,yes,False,5.0,1,3364.89
125,B,185.4,data/gas-fireplaces-scraped.json,MGO-DRSQ34NI,Montigo,Montigo,DRSQ34NI,Montigo 34 Inch DelRay Basic Square Direct Vent Gas Fireplace,mgo-drsq34ni,/products/gas-fireplaces/mgo-drsq34ni-aa983090.webp,yes,False,5.0,1,3339.0
126,B,185.1,data/gas-fireplaces-scraped.json,NPL-BX42NTRE,Napoleon,Napoleon,BX42NTRE,Napoleon 42 Inch Ascent X Direct Vent Gas Fireplace,npl-bx42ntre,/products/gas-fireplaces/npl-bx42ntre-ddd05298.webp,yes,False,4.0,1,3809.0
127,B,185.1,data/outdoor-fireplaces-scraped.json,ODL-ODVILLA-42H,Outdoor,Outdoor Lifestyles,ODVILLA-42H,Outdoor Lifestyles 42 Inch Villawood Woodburning Outdoor Fireplace,odl-odvilla-42h,/products/outdoor-fireplaces/odl-odvilla-42h-e135b7eb.webp,yes,True,5.0,1,1809.0
128,B,185.0,data/electric-fireplaces-scraped.json,MDF-OR60-SLIM,Modern,Modern Flames,OR60-SLIM,Modern Flames 60 Inch Orion Slim Electric Wall Fireplace,mdf-or60-slim,/products/electric-fireplaces/mdf-or60-slim-1eb26ac8.webp,yes,False,5.0,1,4799.0
129,B,184.8,data/gas-fireplaces-scraped.json,KGM-ZCVRB47NE,Kingsman,Kingsman,ZCVRB47NE,Kingsman ZCVRB47 Linear Direct Vent Gas Fireplace - IPI Pilot,kgm-zcvrb47ne,/products/gas-fireplaces/kgm-zcvrb47ne-dd36a3c9.webp,yes,False,5.0,1,3275.59
130,B,184.8,data/gas-fireplaces-scraped.json,CUI-DVP48FP31N,Empire,Empire,DVP48FP31N,Empire DVP48FP31N Tahoe Premium Direct Vent Fireplace,cui-dvp48fp31n,/products/gas-fireplaces/cui-dvp48fp31n-31a7279a.webp,yes,False,5.0,2,3079.0
131,B,184.5,data/outdoor-fireplaces-scraped.json,MGO-DRL6013NI,Montigo,Montigo,DRL6013NI,Montigo 60 Inch DelRay Basic Linear Direct Vent Gas Fireplace,mgo-drl6013ni,/products/outdoor-fireplaces/mgo-drl6013ni-0b858f1c.webp,yes,False,4.7,3,5349.0
132,B,184.3,data/gas-fireplaces-scraped.json,FRK-01FR1036,FireRock,FireRock,01FR1036,FireRock 36 Inch California Conventional Masonry Fireplace,frk-01fr1036,/products/gas-fireplaces/frk-01fr1036-ce51eb29.webp,yes,False,5.0,1,3229.19
133,B,183.9,data/gas-fireplaces-scraped.json,EMP-DVL46BP30N,Empire,Empire,DVL46BP30N,Empire 46 Inch Loft Direct Vent Gas Fireplace,emp-dvl46bp30n,/products/gas-fireplaces/emp-dvl46bp30n-cb3c3a92.webp,yes,False,5.0,1,3189.0
134,B,183.8,data/gas-fireplaces-scraped.json,ODL-ODCOUG-42NR,Outdoor,Outdoor Lifestyles,ODCOUG-42NR,Outdoor Lifestyles 42 Inch Courtyard Outdoor Gas Fireplace,odl-odcoug-42nr,/products/gas-fireplaces/odl-odcoug-42nr-e2b38ec4.webp,yes,False,5.0,2,2979.0
135,B,183.7,data/gas-fireplaces-scraped.json,CUI-DVP42FP31N,Empire,Empire,DVP42FP31N,Empire DVP42FP31N Tahoe Premium Direct Vent Fireplace,cui-dvp42fp31n,/products/gas-fireplaces/cui-dvp42fp31n-31a7279a.webp,yes,False,5.0,3,2769.0
136,B,183.6,data/gas-fireplaces-scraped.json,NPL-B46NTR,Napoleon,Napoleon,B46NTR,Napoleon B46 Ascent Builder Series 46 Inch Direct Vent Fireplace - Millivolt,npl-b46ntr,/products/gas-fireplaces/npl-b46ntr-e4043d79.webp,yes,False,5.0,1,3159.0
137,B,183.5,data/gas-fireplaces-scraped.json,MON-AVFL42NIF-BU,Monessen,Monessen,AVFL42NIF-BU,Monessen 42 Inch Artisan Vent Free Linear Gas Fireplace - 34K BTU,mon-avfl42nif-bu,/products/gas-fireplaces/mon-avfl42nif-bu-8b2bb017.webp,yes,False,4.7,3,2899.0
138,B,183.5,data/gas-fireplaces-scraped.json,EMP-DVD42FP71N,Empire,Empire,DVD42FP71N,Empire 42 Inch Deluxe Tahoe Direct Vent Fireplace with Blower - Intermittent Pilot,emp-dvd42fp71n,/products/gas-fireplaces/emp-dvd42fp71n-200545f1.webp,yes,False,5.0,3,2749.0
139,B,183.5,data/gas-fireplaces-scraped.json,CUI-DVP42FP71N,Empire,Empire,DVP42FP71N,Empire DVP42FP71N Tahoe Premium Direct Vent Fireplace,cui-dvp42fp71n,/products/gas-fireplaces/cui-dvp42fp71n-31a7279a.webp,yes,False,5.0,1,3149.0
140,B,183.5,data/electric-fireplaces-scraped.json,MDF-CEF-50B,Modern,Modern Flames,CEF-50B,Modern Flames 50 Inch Challenger Built-In or Wall-Mount Linear Electric Fireplace,mdf-cef-50b,/products/electric-fireplaces/mdf-cef-50b-72b49dff.webp,yes,True,5.0,2,949.0
141,B,183.4,data/gas-fireplaces-scraped.json,CUI-DVP48FP70N,Empire,Empire,DVP48FP70N,Empire Tahoe Premium Direct Vent Gas Fireplace with Intermittent Pilot - 48 Inch,cui-dvp48fp70n,/products/gas-fireplaces/cui-dvp48fp70n-31a7279a.webp,yes,False,5.0,1,3139.0
142,B,183.0,data/gas-fireplaces-scraped.json,CUI-DVP36FP70N,Empire,Empire,DVP36FP70N,Empire 36 Inch Tahoe Premium Direct Vent Fireplace - IPI,cui-dvp36fp70n,/products/gas-fireplaces/cui-dvp36fp70n-8e54fc7e.webp,yes,False,5.0,3,2699.0
143,B,183.0,data/wood-fireplaces-scraped.json,VAL-FP11,Valcourt,Valcourt,FP11,Valcourt Frontenac Wood Burning Fireplace,val-fp11,/products/wood-fireplaces/val-fp11-416ae52a.webp,yes,False,5.0,4,5956.89
144,B,183.0,data/outdoor-fireplaces-scraped.json,FRK-01FR0348,FireRock,FireRock,01FR0348,FireRock 48 Inch See-Through Vented Masonry Fireplace,frk-01fr0348,/products/outdoor-fireplaces/frk-01fr0348-dce21ad8.webp,yes,False,5.0,4,4497.64
145,B,182.6,data/gas-fireplaces-scraped.json,EMP-VFLB36FP90N,Empire,Empire,VFLB36FP90N,Empire 36 Inch Boulevard Linear Vent Free Gas Fireplace - Intermittent Pilot,emp-vflb36fp90n,/products/gas-fireplaces/emp-vflb36fp90n-161f69c2.webp,yes,False,4.3,3,3005.0
146,B,182.5,data/gas-fireplaces-scraped.json,NPL-B42NTRE,Napoleon,Napoleon,B42NTRE,Napoleon 42 Inch Ascent Direct Vent Gas Fireplace - IPI Ignition,npl-b42ntre,/products/gas-fireplaces/npl-b42ntre-1f272c99.webp,yes,False,5.0,1,3049.0
147,B,182.5,data/gas-fireplaces-scraped.json,NPL-B42NT,Napoleon,Napoleon,B42NT,Napoleon B42 Ascent Builder Series 42 Inch Direct Vent Fireplace - Millivolt,npl-b42nt,/products/gas-fireplaces/npl-b42nt-297ada87.webp,yes,False,5.0,1,3049.0
148,B,182.5,data/electric-fireplaces-scraped.json,DIM-500002608,Dimplex,Dimplex,500002608,Dimplex 74 Inch Ignite Evolve Built-In Linear Electric Fireplace,dim-500002608,/products/electric-fireplaces/dim-500002608-445f96bf.webp,yes,False,5.0,1,4549.99
149,B,182.5,data/gas-inserts-scraped.json,MAJ-RUBY30IN,Majestic,Majestic,RUBY30IN,Majestic 30 Inch Ruby Direct Vent Gas Fireplace Insert With Blower,maj-ruby30in,/products/gas-inserts/maj-ruby30in-9a1628a9.webp,yes,True,4.0,1,3049.0
150,B,182.5,data/outdoor-fireplaces-scraped.json,MGO-DRL7213NI-2,Montigo,Montigo,DRL7213NI-2,Montigo 72 Inch DelRay Full Load Linear Direct Vent Gas Fireplace,mgo-drl7213ni-2,/products/outdoor-fireplaces/mgo-drl7213ni-2-6d8fc755.webp,yes,False,4.3,3,8929.0
151,C,182.4,data/gas-fireplaces-scraped.json,EMP-VFLB36FP30N,Empire,Empire,VFLB36FP30N,Empire 36 Inch Boulevard Linear Vent Free Gas Fireplace - Millivolt Pilot,emp-vflb36fp30n,/products/gas-fireplaces/emp-vflb36fp30n-161f69c2.webp,yes,False,4.7,3,2795.0
152,C,182.4,data/gas-fireplaces-scraped.json,CUI-DVP36FP71N,Empire,Empire,DVP36FP71N,Empire 36 Inch Tahoe Premium Direct Vent Fireplace with Blower - Intermittent Pilot,cui-dvp36fp71n,/products/gas-fireplaces/cui-dvp36fp71n-8e54fc7e.webp,yes,False,5.0,1,3039.0
153,C,182.4,data/gas-fireplaces-scraped.json,KGM-HBZDV4228NE,Kingsman,Kingsman,HBZDV4228NE,Kingsman 42 Inch HBZDV4228 Direct Vent Gas Fireplace - IPI Pilot,kgm-hbzdv4228ne,/products/gas-fireplaces/kgm-hbzdv4228ne-ab01536a.webp,yes,False,5.0,1,3041.39
154,C,182.3,data/gas-fireplaces-scraped.json,CUI-VFP36PP32EN,Empire,Empire,VFP36PP32EN,Empire 36 Inch Vail Premium Vent Free Natural Gas Peninsula Fireplace,cui-vfp36pp32en,/products/gas-fireplaces/cui-vfp36pp32en-203fb9ff.webp,yes,False,5.0,1,3029.0
155,C,182.3,data/outdoor-fireplaces-scraped.json,ODL-VOFB36-T,Outdoor,Outdoor Lifestyles,VOFB36-T,Outdoor Lifestyle 36 Inch Vesper Vent Free Outdoor Gas Firebox,odl-vofb36-t,/products/outdoor-fireplaces/odl-vofb36-t-983ac775.webp,yes,True,5.0,2,1329.0
156,C,182.2,data/gas-fireplaces-scraped.json,EMP-DVCD42FP71N,Empire,Empire,DVCD42FP71N,Empire 42 Inch Deluxe Tahoe Clean-Face Direct Vent Fireplace with Blower - Intermittent Pilot,emp-dvcd42fp71n,/products/gas-fireplaces/emp-dvcd42fp71n-d3e9de82.webp,yes,False,5.0,1,3019.0
157,C,182.1,data/gas-fireplaces-scraped.json,SUP-DRT3035DMN,Superior,Superior,DRT3035DMN,Superior DRT3035 35 Inch Top/Rear Vent Fireplace with Aged Oak Logs - Millivolt,sup-drt3035dmn,/products/gas-fireplaces/sup-drt3035dmn-6084bcfa.webp,yes,False,5.0,5,2209.0
158,C,182.0,data/gas-fireplaces-scraped.json,NPL-BL46NTE,Napoleon,Napoleon,BL46NTE,Napoleon 46 Inch Ascent Linear Direct Vent Natural Gas Fireplace,npl-bl46nte,/products/gas-fireplaces/npl-bl46nte-105d18dc.webp,yes,False,4.0,1,3499.0
159,C,182.0,data/wood-fireplaces-scraped.json,OSB-OB04007,Osburn,Osburn,OB04007,Osburn Stratford II Wood Burning Fireplace,osb-ob04007,/products/wood-fireplaces/osb-ob04007-f58d2443.webp,yes,False,5.0,6,4499.0
160,C,182.0,data/outdoor-fireplaces-scraped.json,MGO-DRL4813NI-2,Montigo,Montigo,DRL4813NI-2,Montigo 48 Inch DelRay Full Load Linear Direct Vent Gas Fireplace,mgo-drl4813ni-2,/products/outdoor-fireplaces/mgo-drl4813ni-2-9ad1b35f.webp,yes,False,5.0,1,6109.0
161,C,182.0,data/outdoor-fireplaces-scraped.json,CUI-WRE4550RS,Superior,Superior,WRE4550RS,Superior WRE4550 Custom Series 50 Inch Paneled Outdoor Wood-Burning Fireplace,cui-wre4550rs,/products/outdoor-fireplaces/cui-wre4550rs-dc7edbe2.webp,yes,False,5.0,1,5889.0
162,C,182.0,data/outdoor-fireplaces-scraped.json,SUP-WRE4542RS,Superior,Superior,WRE4542RS,Superior WRE4542 Custom Series 42 Inch Paneled Outdoor Wood-Burning Fireplace,sup-wre4542rs,/products/outdoor-fireplaces/sup-wre4542rs-59a9dec3.webp,yes,False,5.0,1,5599.0
163,C,181.9,data/gas-fireplaces-scraped.json,SFL-NEWCOMB-36-DELUXE-NG,Sierra,Sierra,NEWCOMB-36-DELUXE,Sierra Flame 36 Inch Newcomb Deluxe Series Direct Vent Linear Fireplaces,sfl-newcomb-36-deluxe-ng,/products/gas-fireplaces/sfl-newcomb-36-deluxe-ng-53c150d6.webp,yes,False,5.0,1,2987.59
164,C,181.8,data/gas-fireplaces-scraped.json,CUI-VFP36SP32EP,Empire,Empire,VFP36SP32EP,Empire 36 Inch Vail Premium Vent Free Propane Gas See-Through Fireplace,cui-vfp36sp32ep,/products/gas-fireplaces/cui-vfp36sp32ep-39706158.webp,yes,False,4.5,2,3029.0
165,C,181.6,data/electric-fireplaces-scraped.json,NPL-NEFL42CFH,Napoleon,Napoleon,NEFL42CFH,Napoleon 42 Inch Entice Wall Mount or Built-In Linear Electric Fireplace,npl-nefl42cfh,/products/electric-fireplaces/npl-nefl42cfh-6ec85ae8.webp,yes,True,5.0,1,959.0
166,C,181.4,data/gas-fireplaces-scraped.json,KGM-HBZDV4228N,Kingsman,Kingsman,HBZDV4228N,Kingsman 42 Inch HBZDV4228 Direct Vent Gas Fireplace,kgm-hbzdv4228n,/products/gas-fireplaces/kgm-hbzdv4228n-ab01536a.webp,yes,False,5.0,1,2941.19
167,C,181.3,data/gas-fireplaces-scraped.json,EMP-DVD48FP71N,Empire,Empire,DVD48FP71N,Empire 48 Inch Deluxe Tahoe Direct Vent Fireplace with Blower - Intermittent Pilot,emp-dvd48fp71n,/products/gas-fireplaces/emp-dvd48fp71n-200545f1.webp,yes,False,5.0,1,2929.0
168,C,181.2,data/outdoor-fireplaces-scraped.json,ODL-ODCTGWD-42,Outdoor,Outdoor Lifestyles,ODCTGWD-42,Outdoor Lifestyles 42 Inch Cottagewood Outdoor Wood Burning Fireplace,odl-odctgwd-42,/products/outdoor-fireplaces/odl-odctgwd-42-1e2d1366.webp,yes,False,4.7,10,3269.0
169,C,181.0,data/wood-fireplaces-scraped.json,OSB-OB04016,Osburn,Osburn,OB04016,Osburn Everest II Wood Burning Fireplace,osb-ob04016,/products/wood-fireplaces/osb-ob04016-15a4c4ef.webp,yes,False,5.0,3,5064.0
170,C,180.9,data/gas-fireplaces-scraped.json,CUI-DVP36FP31N,Empire,Empire,DVP36FP31N,Empire DVP36FP31N Tahoe Premium Direct Vent Fireplace,cui-dvp36fp31n,/products/gas-fireplaces/cui-dvp36fp31n-8e54fc7e.webp,yes,False,4.7,3,2639.0
171,C,180.9,data/gas-fireplaces-scraped.json,EMP-DVL36BP70N,Empire,Empire,DVL36BP70N,Empire 36 Inch Loft Direct Vent Gas Fireplace - IPI Ignition,emp-dvl36bp70n,/products/gas-fireplaces/emp-dvl36bp70n-cb3c3a92.webp,yes,False,5.0,1,2889.0
172,C,180.8,data/gas-fireplaces-scraped.json,MSL-MFP33,Mason,Mason Lite,MFP33,Mason Lite 33 Inch Masonry Fireplace Firebox Kit,msl-mfp33,/products/gas-fireplaces/msl-mfp33-a7858214.webp,yes,False,5.0,2,2682.6
173,C,180.6,data/gas-fireplaces-scraped.json,CUI-DVD32FP31N,Empire,Empire,DVD32FP31N,Empire 32 Inch Tahoe Deluxe Direct Vent Fireplace with Blower - Millivolt,cui-dvd32fp31n,/products/gas-fireplaces/cui-dvd32fp31n-200545f1.webp,yes,False,5.0,5,2059.0
174,C,180.4,data/gas-fireplaces-scraped.json,CUI-DVD42FP70N,Empire,Empire,DVD42FP70N,Empire DVD42FP70N Tahoe Deluxe Direct Vent Fireplace,cui-dvd42fp70n,/products/gas-fireplaces/cui-dvd42fp70n-200545f1.webp,yes,False,5.0,3,2439.0
175,C,180.4,data/gas-fireplaces-scraped.json,CUI-DVD48FP70N,Empire,Empire,DVD48FP70N,Empire DVD48FP70N Tahoe Deluxe Direct Vent Fireplace,cui-dvd48fp70n,/products/gas-fireplaces/cui-dvd48fp70n-200545f1.webp,yes,False,4.7,3,2589.0
176,C,180.2,data/gas-fireplaces-scraped.json,CUI-DVP42FP70N,Empire,Empire,DVP42FP70N,Empire 42 Inch Tahoe Premium Direct Vent Fireplace - IPI,cui-dvp42fp70n,/products/gas-fireplaces/cui-dvp42fp70n-06609424.webp,yes,False,5.0,1,2819.0
177,C,180.0,data/electric-fireplaces-scraped.json,AMA-SYM-88-XT,Amantii,Amantii,SYM-88-XT,Amantii 88 Inch Symmetry Extra Tall Built-In Smart Electric Linear Fireplace,ama-sym-88-xt,/products/electric-fireplaces/ama-sym-88-xt-a163e001.webp,yes,False,5.0,1,4299.0
178,C,179.9,data/gas-fireplaces-scraped.json,SUP-DRL2035TEN,Superior,Superior,DRL2035TEN,Superior 35 Inch DRL2000 Series Contemporary Direct Vent Linear Fireplace,sup-drl2035ten,/products/gas-fireplaces/sup-drl2035ten-f345e9ae.webp,yes,False,5.0,1,2789.0
179,C,179.7,data/gas-fireplaces-scraped.json,CUI-BVP42FP30LN,Empire,Empire,BVP42FP30LN,Empire 42 Inch Louvered Keystone Premium B-Vent Gas Fireplace,cui-bvp42fp30ln,/products/gas-fireplaces/cui-bvp42fp30ln-fc3a080e.webp,yes,False,5.0,3,2369.0
180,C,179.6,data/gas-fireplaces-scraped.json,EMP-DVCD42FP31N,Empire,Empire,DVCD42FP31N,Empire 42 Inch Deluxe Tahoe Clean-Face Direct Vent Fireplace with Blower - Millivolt,emp-dvcd42fp31n,/products/gas-fireplaces/emp-dvcd42fp31n-d3e9de82.webp,yes,False,5.0,1,2759.0
181,C,179.5,data/gas-fireplaces-scraped.json,MAJ-QUARTZ36IFTL,Majestic,Majestic,QUARTZ36IFTL,Majestic 36 Inch Quartz Top/Rear Direct Vent Gas Fireplace with IntelliFire Touch Ignition,maj-quartz36iftl,/products/gas-fireplaces/maj-quartz36iftl-b05f4295.webp,yes,False,5.0,1,2749.0
182,C,179.5,data/gas-fireplaces-scraped.json,CUI-DVP48FP30N,Empire,Empire,DVP48FP30N,Empire 48 Inch Tahoe Premium Direct Vent Fireplace - Millivolt,cui-dvp48fp30n,/products/gas-fireplaces/cui-dvp48fp30n-06609424.webp,yes,False,5.0,1,2749.0
183,C,179.5,data/wood-fireplaces-scraped.json,OSB-OB04010,Osburn,Osburn,OB04010,Osburn EPA Certified Horizon Wood Fireplace - OB04011,osb-ob04010,/products/wood-fireplaces/osb-ob04010-812b04c2.webp,yes,False,4.7,3,5824.0
184,C,179.4,data/wood-inserts-scraped.json,OSB-OB01900,Osburn,Osburn,OB01900,Osburn Matrix 1900 Wood Burning Fireplace Insert,osb-ob01900,/products/wood-inserts/osb-ob01900-077ab046.webp,yes,True,5.0,1,3239.0
185,C,179.3,data/gas-fireplaces-scraped.json,CUI-DVD32FP30N,Empire,Empire,DVD32FP30N,Empire 32 Inch Tahoe Deluxe Direct Vent Fireplace - Millivolt,cui-dvd32fp30n,/products/gas-fireplaces/cui-dvd32fp30n-200545f1.webp,yes,False,5.0,6,1729.0
186,C,179.3,data/gas-fireplaces-scraped.json,EMP-DVL36BP30N,Empire,Empire,DVL36BP30N,Empire 36 Inch Loft Direct Vent Gas Fireplace - Millivolt,emp-dvl36bp30n,/products/gas-fireplaces/emp-dvl36bp30n-cb3c3a92.webp,yes,False,5.0,1,2729.0
187,C,179.2,data/gas-fireplaces-scraped.json,EMP-VFSL30FP7010N,Empire,Empire,VFSL30FP7010N,Empire 30 Inch Boulevard Slim Line Vent Free Linear Gas Fireplace - 10 - 000 BTUs,emp-vfsl30fp7010n,/products/gas-fireplaces/emp-vfsl30fp7010n-56882965.webp,yes,False,5.0,3,2319.0
188,C,179.0,data/electric-fireplaces-scraped.json,DIM-XLF100,Dimplex,Dimplex,XLF100,Dimplex 100 Inch IgniteXL Linear Electric Wall Mounted Fireplace,dim-xlf100,/products/electric-fireplaces/dim-xlf100-63bddcdb.webp,yes,False,5.0,1,4199.99
189,C,178.9,data/gas-fireplaces-scraped.json,FRK-01FR0330,FireRock,FireRock,01FR0330,FireRock 30 Inch See-Through Vented Masonry Fireplace,frk-01fr0330,/products/gas-fireplaces/frk-01fr0330-dce21ad8.webp,yes,False,5.0,1,2687.29
190,C,178.6,data/gas-fireplaces-scraped.json,EMP-VFLC28IN72N,Empire,Empire,VFLC28IN72N,Empire 31 Inch Loft Vent Free Gas Fireplace Insert/Fireplace - Intermittent Pilot (Modern),emp-vflc28in72n,/products/gas-fireplaces/emp-vflc28in72n-4e69802e.webp,yes,False,5.0,1,2659.0
191,C,178.6,data/outdoor-fireplaces-scraped.json,CUI-OLL48SP12SN,Empire,Empire,OLL48SP12SN,Empire OLL48SP12SN Carol Rose Outdoor Stainless Steel See-Through Linear Fireplace,cui-oll48sp12sn,/products/outdoor-fireplaces/cui-oll48sp12sn-e6f66860.webp,yes,False,5.0,1,4659.0
192,C,178.5,data/gas-fireplaces-scraped.json,SUP-DRT3045DEN,Superior,Superior,DRT3045DEN,Superior DRT3045 45 Inch Top/Rear Vent Fireplace with Aged Oak Logs - Electronic Ignition,sup-drt3045den,/products/gas-fireplaces/sup-drt3045den-6084bcfa.webp,yes,False,4.0,1,3149.0
193,C,178.5,data/gas-fireplaces-scraped.json,EMP-BVP42FP70FN,Empire,Empire,BVP42FP70FN,Empire Keystone 42 Inch Natural Gas Flush Face Premium B-Vent Fireplace - Intermittent Pilot,emp-bvp42fp70fn,/products/gas-fireplaces/emp-bvp42fp70fn-fc3a080e.webp,yes,False,5.0,1,2649.0
194,C,178.4,data/gas-fireplaces-scraped.json,ODL-ODCOUG-36NR,Outdoor,Outdoor Lifestyles,ODCOUG-36NR,Outdoor Lifestyles 36 Inch Courtyard Outdoor Vent Free Gas Fireplace,odl-odcoug-36nr,/products/gas-fireplaces/odl-odcoug-36nr-e2b38ec4.webp,yes,False,5.0,1,2639.0
195,C,178.4,data/gas-fireplaces-scraped.json,EMP-DVCD36FP71N,Empire,Empire,DVCD36FP71N,Empire 36 Inch Deluxe Tahoe Clean-Face Direct Vent Fireplace with Blower - Intermittent Pilot,emp-dvcd36fp71n,/products/gas-fireplaces/emp-dvcd36fp71n-d3e9de82.webp,yes,False,5.0,1,2639.0
196,C,178.4,data/gas-fireplaces-scraped.json,CUI-DVD48FP31N,Empire,Empire,DVD48FP31N,Empire DVD48FP31N Tahoe Deluxe Direct Vent Fireplace,cui-dvd48fp31n,/products/gas-fireplaces/cui-dvd48fp31n-200545f1.webp,yes,False,5.0,1,2639.0
197,C,178.4,data/outdoor-fireplaces-scraped.json,SUP-VRE4342ZENWH,Superior,Superior,VRE4342ZENWH,Superior VRE4300 Custom Series 42 Inch Outdoor Vent-Free Natural Gas Fireplace Firebox,sup-vre4342zenwh,/products/outdoor-fireplaces/sup-vre4342zenwh-e258cd88.webp,yes,False,5.0,1,4639.0
198,C,178.0,data/gas-fireplaces-scraped.json,SUP-DRT2040DMN-E,Superior,Superior,DRT2040DMN-E,Superior 40 Inch DRT2000 Direct Vent Gas Fireplace - Millivolt Ignition,sup-drt2040dmn-e,/products/gas-fireplaces/sup-drt2040dmn-e-4a2cefdb.webp,yes,False,4.7,3,2349.0
199,C,178.0,data/wood-fireplaces-scraped.json,FRK-01FR0348,FireRock,FireRock,01FR0348,FireRock 48 Inch See-Through Vented Masonry Fireplace,frk-01fr0348,/products/wood-fireplaces/frk-01fr0348-dce21ad8.webp,yes,False,5.0,4,4497.64
200,C,177.9,data/electric-fireplaces-scraped.json,SUP-MPE-100D,Superior,Superior,MPE-100D,Superior 100 Inch ERL3000 Electric Linear Fireplace,sup-mpe-100d,/products/electric-fireplaces/sup-mpe-100d-536942a3.webp,yes,False,5.0,1,4089.0
