file,id,sku,brand,name
"electric-fireplaces-scraped.json","","REM-WM-SLIM-65","Remii","Remii 65 Inch WM Slim Smart Electric Fireplace"
"electric-fireplaces-scraped.json","","LDH-VEW60-A","Litedeer","Litedeer Homes 60 Inch Mercury Smart Water Vapor Fireplace with See Through Option"
"electric-fireplaces-scraped.json","","HLM-FE9021","SEI","SEI 60 Inch Canyon Heights Electric Fireplace with Faux Stacked Stone Mantel"
"electric-fireplaces-scraped.json","","HLM-FR9310","SEI","SEI 48 Inch Claremont Corner Electric Fireplace with Storage"
"electric-fireplaces-scraped.json","","LDH-VEW40-A","Litedeer","Litedeer Homes 40 Inch Mercury Smart Water Vapor Fireplace with See Through Option"
"electric-fireplaces-scraped.json","","REM-WM-34","Remii","Remii 33 Inch WM Smart Indoor/Outdoor Electric Fireplace"
"electric-fireplaces-scraped.json","","LDH-VEW50-A","Litedeer","Litedeer Homes 50 Inch Mercury Smart Water Vapor Fireplace with See Through Option"
"electric-fireplaces-scraped.json","","REM-102735-XS","Remii","Remii 35 Inch Extra Slim Electric Linear Fireplace"
"electric-fireplaces-scraped.json","","HLM-FR8543","SEI","SEI 70 Inch Tennyson Electric Fireplace with Side Bookcases"
"electric-fireplaces-scraped.json","","REM-WM-SLIM-55","Remii","Remii 55 Inch WM Slim Smart Electric Fireplace"
"electric-fireplaces-scraped.json","","SDZ-ZHS-432","SunnyDaze","SunnyDaze 42 Inch Black Curved Face Color Changing Wall Electric Fireplace"
"electric-fireplaces-scraped.json","","REM-102755-XS","Remii","Remii 55 Inch Extra Slim Electric Linear Fireplace"
"electric-fireplaces-scraped.json","","HLM-FR9392","SEI","SEI 52 Inch Redden Corner Convertible Electric Fireplace"
"electric-fireplaces-scraped.json","","HLM-FE9392","SEI","SEI 52 Inch Redden Electric Fireplace with Convertible Mantel"
"electric-fireplaces-scraped.json","","LDH-ZEF48XC","Litedeer","Litedeer Homes 48 Inch Latitude II Push-In Linear Electric Fireplace with Fire Media"
"electric-fireplaces-scraped.json","","JRH-EF10263","JR","JR Home 60 Inch ActiveFlame Mirage 2 Built-In - Wall Mount - or Freestanding Electric Fireplace"
"electric-fireplaces-scraped.json","","REM-102745-XS","Remii","Remii 45 Inch Extra Slim Electric Linear Fireplace"
"electric-fireplaces-scraped.json","","HLM-FR8525","SEI","SEI 72 Inch Gallatin Electric Fireplace with Side Bookcases"
"electric-fireplaces-scraped.json","","SDZ-ZHS-425","SunnyDaze","SunnyDaze 35 3/4 Inch Black Curved Face Color Changing Wall Electric Fireplace"
"electric-fireplaces-scraped.json","","DYN-DY-BTX82","Dynasty","Dynasty Fireplaces 82 Inch Cascade Smart Flush Mount Linear Electric Fireplace"
"electric-fireplaces-scraped.json","","REM-102755-DE","Remii","Remii 55 Inch Deep Electric Linear Fireplace"
"electric-fireplaces-scraped.json","","JRH-EF10145","JR","JR Home 60 Inch Pro Series Recessed or Wall Mount Black Diamond Electric Fireplace"
"electric-fireplaces-scraped.json","","HLM-FE9321","SEI","SEI 48 Inch Highgate Electric Fireplace with Stone Mantel"
"electric-fireplaces-scraped.json","","HLM-FE1095959","SEI","SEI 50 Inch Dakesbury Electric Fireplace with Faux Stone Mantel"
"electric-fireplaces-scraped.json","","DYN-DY-BTX74","Dynasty","Dynasty Fireplaces 74 Inch Cascade Smart Flush Mount Linear Electric Fireplace"
"electric-fireplaces-scraped.json","","DYN-DY-BTX64","Dynasty","Dynasty Fireplaces 64 Inch Cascade Smart Flush Mount Linear Electric Fireplace"
"electric-fireplaces-scraped.json","","HLM-FC1063059","Holly","Holly & Martin 33 Inch Frescan Color Changing Electric Fireplace"
"electric-fireplaces-scraped.json","","LDH-ZEF45XC","Litedeer","Litedeer Homes 45 Inch Latitude Built-In Linear Electric Fireplace with Fire Media"
"electric-fireplaces-scraped.json","","REM-CLASSIC-SLIM-33","Remii","Remii Classic Slim 33 Smart Electric Fireplace"
"electric-fireplaces-scraped.json","","SDZ-LOE-381","SunnyDaze","SunnyDaze 50 Inch Black Indoor Wall-Mounted or Recessed Electric Fireplace"
"electric-fireplaces-scraped.json","","LDH-ZEF32A","Litedeer","Litedeer Homes 32 Inch Litestar Smart Electric Fireplace Insert with Breathing Oak Logs (Modern)"
"electric-fireplaces-scraped.json","","HLM-FE9278","SEI","SEI 44 Inch Calvert Electric Fireplace with Carved Mantel"
"electric-fireplaces-scraped.json","","SDZ-LOE-398","SunnyDaze","SunnyDaze 50 Inch White Indoor Wall-Mounted or Recesssed Electric Fireplace"
"electric-fireplaces-scraped.json","","HLM-FC1137456","SEI","SEI 46 Inch Dilvon Color Changing Electric Fireplace with Media Cabinet"
"electric-fireplaces-scraped.json","","DYN-DY-BTX52","Dynasty","Dynasty Fireplaces 52 Inch Cascade Smart Flush Mount Linear Electric Fireplace"
"electric-fireplaces-scraped.json","","JRH-EF-WM503","JR","JR Home 50 Inch Kennedy II Recessed or Wall Mounted Electric Fireplace"
"electric-fireplaces-scraped.json","","JRH-EF-WM504","JR","JR Home 60 Inch Kennedy II Recessed or Wall Mounted Electric Fireplace"
"electric-fireplaces-scraped.json","","JRH-EF10185","JR","JR Home 42 Inch ActiveFlame Pro Series Built-In Electric Fireplace"
"electric-fireplaces-scraped.json","","LDH-ZEF50T","Litedeer","Litedeer Homes 50 Inch WarmCastle 3 Side Smart Control Electric Fireplace with Crystal Media"
"electric-fireplaces-scraped.json","","LDH-ZEF65X","Litedeer","Litedeer Homes Latitude 65 Inch Ultra Slim Built-in Electric Linear Fireplace"
"electric-fireplaces-scraped.json","","LDH-ZEF58VC","Litedeer","Litedeer Homes 58 Inch Latitude II Push-In Linear Electric Fireplace with Fire Media"
"electric-fireplaces-scraped.json","","SEI-37-003-023-6-39","SEI","SEI 45 Inch Cardona Electric Fireplace with Mantel"
"electric-fireplaces-scraped.json","","SEI-FE9278","SEI","SEI 45 Inch Calvert Carved Electric Fireplace with Mantel"
"electric-fireplaces-scraped.json","","SEI-FE9275","SEI","SEI 45 Inch Sicilian Harvest Electric Fireplace with Mantel"
"electric-fireplaces-scraped.json","","REM-102765-XS","Remii","Remii 65 Inch Extra Slim Electric Linear Fireplace"
"electric-fireplaces-scraped.json","","HLM-FR9278","SEI","SEI 44 Inch Calvert Electric Fireplace with Decorative Carved Mantel"
"electric-fireplaces-scraped.json","","HLM-FE9275","SEI","SEI 45 Inch Sicilian Electric Fireplace with Harvest Mantel"
"electric-fireplaces-scraped.json","","HLM-FC1009359","SEI","SEI 50 Inch Torlington Color Changing Electric Fireplace with Herringbone Surround"
"electric-fireplaces-scraped.json","","REM-102745-XT","Remii","Remii 45 Inch Extra Tall Electric Linear Fireplace"
"electric-fireplaces-scraped.json","","LDH-ZEF55VC","Litedeer","Litedeer Homes 55 Inch Latitude Built-In Linear Electric Fireplace with Fire Media"
"electric-fireplaces-scraped.json","","HLM-FC8532","SEI","SEI 72 Inch Chantilly Color Changing Electric Fireplace with Bookcases"
"electric-fireplaces-scraped.json","","HLM-FE1080859","SEI","SEI 45 Inch Drovling Electric Fireplace with Marble Mantel"
"electric-fireplaces-scraped.json","","REM-CLASSIC-SLIM-26","Remii","Remii Classic Slim 26 Smart Electric Fireplace"
"electric-fireplaces-scraped.json","","HLM-FE9310","SEI","SEI 48 Inch Claremont Electric Fireplace with Convertible Media Storage"
"electric-fireplaces-scraped.json","","SDZ-LOE-374","SunnyDaze","SunnyDaze 40 Inch Black Indoor Wall-Mounted or Recessed Electric Fireplace"
"electric-fireplaces-scraped.json","","HLM-FE9365","SEI","SEI 48 Inch Jacksdale Electric Fireplace with Faux Stone Mantel"
"electric-fireplaces-scraped.json","","HLM-FE9362","SEI","SEI 46 Inch Seneca Electric Fireplace with Faux Brick Mantel"
"electric-fireplaces-scraped.json","","HLM-FC9310","SEI","SEI 48 Inch Claremont Color Changing Corner Convertible Electric Fireplace"
"electric-fireplaces-scraped.json","","HLM-FE1063059","Holly","Holly & Martin 33 Inch Frescan Contemporary Electric Fireplace"
"electric-fireplaces-scraped.json","","HLM-FR1095959","SEI","SEI 50 Inch Dakesbury Electric Fireplace with Faux Stone Surround"
"electric-fireplaces-scraped.json","","HLM-FR9359","SEI","SEI 45 Inch Grantham Corner Convertible Electric Fireplace"
"electric-fireplaces-scraped.json","","HLM-FR9275","SEI","SEI 45 Inch Sicilian Electric Fireplace with Classic Mantel"
"electric-fireplaces-scraped.json","","DYN-DY-BTS40","Dynasty","Dynasty Fireplaces 40 Inch Melody Bay Front Smart Electric Fireplace with Corner Options"
"electric-fireplaces-scraped.json","","LDH-ZEF72T","Litedeer","Litedeer Homes 72 Inch WarmCastle 3 Side Smart Control Electric Fireplace with Crystal Media"
"electric-fireplaces-scraped.json","","LDH-ZEF58V","Litedeer","Litedeer Homes Latitude II 58 Inch Seamless Push-in Electric Linear Fireplace"
"electric-fireplaces-scraped.json","","LDH-ZEF60T","Litedeer","Litedeer Homes 60 Inch WarmCastle 3 Side Smart Control Electric Fireplace with Crystal Media"
"electric-fireplaces-scraped.json","","REM-102755-XT","Remii","Remii 55 Inch Extra Tall Electric Linear Fireplace"
"electric-fireplaces-scraped.json","","HLM-FR9321","SEI","SEI 48 Inch Highgate Electric Fireplace with Faux Surround"
"electric-fireplaces-scraped.json","","HLM-FR1080859","SEI","SEI 45 Inch Drovling Electric Fireplace with Marble Surround"
"electric-fireplaces-scraped.json","","REM-30-BAY-SLIM","Remii","Remii Smart Built-In Bay Front Slim 30 Electric Fireplace"
"electric-fireplaces-scraped.json","","HLM-FE1009359","SEI","SEI 50 Inch Torlington Electric Fireplace with Marble Tiled Mantel"
"electric-fireplaces-scraped.json","","HLM-FE9359","SEI","SEI 45 Inch Grantham Corner Convertible Electric Fireplace"
"electric-fireplaces-scraped.json","","HLM-FE1137556","SEI","SEI 47 Inch Austindale Electric Fireplace with Media Storage"
"electric-fireplaces-scraped.json","","HLM-FR1136956","SEI","SEI 54 Inch Wilconia Electric Fireplace with Carved Details Media Console"
"electric-fireplaces-scraped.json","","ORT-US150TELXXXXXBXXX","Ortal","Ortal 60 Inch Holographic Linear Bay Front Electric Fireplace With Corner Options"
"electric-fireplaces-scraped.json","","LDH-ZEF45X","Litedeer","Litedeer Homes Latitude 45 Inch Ultra Slim Built-in Electric Linear Fireplace"
"electric-fireplaces-scraped.json","","CMB-CAM50RECWMEF-2BLK","Cambridge","Cambridge 50 Inch Recessed or Wall Mount Electric Fireplace with Logs"
"electric-fireplaces-scraped.json","","HLM-FR9362","SEI","SEI 46 Inch Seneca Electric Fireplace with Faux Stone Surround"
"electric-fireplaces-scraped.json","","HLM-FC1119656","SEI","SEI 54 Inch Hollesborne Color Changing Electric Fireplace with Media Storage"
"electric-fireplaces-scraped.json","","HLM-FR8532","SEI","SEI 72 Inch Chantilly Electric Fireplace with Side Bookcases"
"electric-fireplaces-scraped.json","","LST-LDFP0009US-BLK","LifeSmart","LifeSmart 72 Inch Glass Media Freestanding Infrared Electric Fireplace with TV Shelf"
"electric-fireplaces-scraped.json","","CMB-CAM5332-1WHTLG3","Cambridge","Cambridge 53 Inch Sawyer Electric Fireplace with Log Set and Console Mantel"
"electric-fireplaces-scraped.json","","HLM-FC1137256","SEI","SEI 54 Inch Lannington Color Changing Fireplace with Media Storage"
"electric-fireplaces-scraped.json","","HLM-FC1095656","SEI","SEI 60 Inch Delgrave Color Changing Electric Fireplace with Media Storage"
"electric-fireplaces-scraped.json","","HLM-FC1096059","SEI","SEI 48 Inch Birkover Color Changing Electric Fireplace with Marble Surround"
"electric-fireplaces-scraped.json","","HLM-FE1009659","SEI","SEI 44 Inch Stadderly Electric Fireplace with Mirrored Mantel"
"electric-fireplaces-scraped.json","","HLM-FE1027359","SEI","SEI 44 Inch Trandling Electric Fireplace with Mirrored Faux Marble Mantel"
"electric-fireplaces-scraped.json","","HLM-FE1095756","SEI","SEI 60 Inch Dibbonly Electric Fireplace with Media Storage"
"electric-fireplaces-scraped.json","","HLM-FE1096059","SEI","SEI 48 Inch Birkover Electric Fireplace with Marbled Surround Mantel"
"electric-fireplaces-scraped.json","","HLM-FR1010356","SEI","SEI 58 Inch Toppington Electric Fireplace with Mirrored Media Console"
"electric-fireplaces-scraped.json","","HLM-FR1105059","SEI","SEI 48 Inch Darvingmore Electric Fireplace with Marble Surround"
"electric-fireplaces-scraped.json","","HLM-FE1105059","SEI","SEI 48 Inch Darvingmore Electric Fireplace with Marbled Surround Mantel"
"electric-fireplaces-scraped.json","","HLM-FE8525","SEI","SEI 72 Inch Gallatin Electric Fireplace with Faux Stone Bookcase"
"electric-fireplaces-scraped.json","","HLM-FR1126959","SEI","SEI 46 Inch Wansford Contemporary Electric Fireplace with Mantel"
"electric-fireplaces-scraped.json","","HLM-FC1080859","SEI","SEI 45 Inch Drovling Color Changing Electric Fireplace with Marble Mantel"
"electric-fireplaces-scraped.json","","HLM-FE1010356","SEI","SEI 58 Inch Toppington Electric Fireplace with Mirrored Media Console"
"electric-fireplaces-scraped.json","","HLM-FE1095656","SEI","SEI 60 Inch Delgrave Electric Fireplace with Media Storage"
"electric-fireplaces-scraped.json","","HLM-FC1080759","SEI","SEI 50 Inch Hebbington Color Changing Electric Fireplace with Marble Surround"
"electric-fireplaces-scraped.json","","HLM-FC1137859","SEI","SEI 44 Inch Trandling Color Changing Electric Fireplace with Faux Stone Surround"
"electric-fireplaces-scraped.json","","HLM-FR9664","SEI","SEI 45 Inch Cardona Electric Fireplace with Faux Marble Surround"
"electric-fireplaces-scraped.json","","HLM-FC1105059","SEI","SEI 48 Inch Darvingmore Color Changing Electric Fireplace with Marble Surround"
"electric-fireplaces-scraped.json","","HLM-FE1028059","SEI","SEI 44 Inch Lirrington Stainless Steel Electric Fireplace with Mantel"
"electric-fireplaces-scraped.json","","HLM-FR1028059","SEI","SEI 44 Inch Lirrington Stainless Steel Electric Fireplace"
"electric-fireplaces-scraped.json","","HLM-FR1095656","SEI","SEI 60 Inch Delgrave Electric Fireplace with Media Cabinet"
"electric-fireplaces-scraped.json","","HLM-FC1010356","SEI","SEI 58 Inch Toppington Color Changing Electric Fireplace with Mirrored Media Center"
"electric-fireplaces-scraped.json","","HLM-FC1095959","SEI","SEI 50 Inch Dakesbury Color Changing Electric Fireplace with Faux Stone Surround"
"electric-fireplaces-scraped.json","","HLM-FR1137556","SEI","SEI 47 Inch Austindale Electric Fireplace with Media Storage"
"electric-fireplaces-scraped.json","","HLM-FR9396","SEI","SEI 45 Inch Nobleman Electric Fireplace with Tile Surround"
"electric-fireplaces-scraped.json","","HLM-FE8526","SEI","SEI 72 Inch Gallatin Electric Fireplace with Faux Stone Bookcase"
"electric-fireplaces-scraped.json","","HLM-FE9396","SEI","SEI 45 Inch Nobleman Electric Fireplace with Tiled Mantel"
"electric-fireplaces-scraped.json","","HLM-FR1009659","SEI","SEI 44 Inch Stadderly Electric Fireplace with Mirrored Surround"
"electric-fireplaces-scraped.json","","HLM-FE1137256","SEI","SEI 54 Inch Lannington Electric Fireplace with Media Storage"
"electric-fireplaces-scraped.json","","HLM-FE1136956","SEI","SEI 54 Inch Wilconia Electric Media Fireplace with Carved Details"
"electric-fireplaces-scraped.json","","HLM-FR1063059","SEI","SEI 33 Inch Frescan Contemporary Electric Fireplace with Open Base"
"electric-fireplaces-scraped.json","","HLM-FR1095756","SEI","SEI 60 Inch Dibbonly Electric Fireplace with Media Storage"
"electric-fireplaces-scraped.json","","HLM-FC1095859","SEI","SEI Cardington Contemporary Color Changing Fireplace with Mantel"
"electric-fireplaces-scraped.json","","HLM-FC1136956","SEI","SEI 54 Inch Wilconia Color Changing Electric Fireplace with Media Storage"
"electric-fireplaces-scraped.json","","LST-ZCFP1032US","LifeSmart","LifeSmart 60 Inch Freestanding Infrared Electric Fireplace with TV Media Mantel Shelf"
"electric-fireplaces-scraped.json","","HLM-FE1137859","SEI","SEI 44 Inch Trandling Electric Fireplace with Mirrored Faux Marble Mantel"
"electric-fireplaces-scraped.json","","HLM-FE1137456","SEI","SEI 46 Inch Dilvon Electric Fireplace with Media Storage"
"electric-fireplaces-scraped.json","","HLM-FE1126959","SEI","SEI 45 Inch Wansford Electric Fireplace with Contemporary Mantel"
"electric-fireplaces-scraped.json","","HLM-FR1080759","SEI","SEI 50 Inch Hebbington Electric Fireplace with Marble Surround"
"electric-fireplaces-scraped.json","","HLM-FR1096059","SEI","SEI 48 Inch Birkover Electric Fireplace with Marble Surround"
"electric-fireplaces-scraped.json","","HLM-FR9365","SEI","SEI 48 Inch Jacksdale Electric Fireplace with Faux Stone Surround"
"electric-fireplaces-scraped.json","","HLM-FR1009359","SEI","SEI 50 Inch Torlington Electric Fireplace with Marble Tiled Surround"
"electric-fireplaces-scraped.json","","HLM-FR1027359","SEI","SEI 44 Inch Trandling Electric Fireplace with Faux Marble Surround"
"electric-fireplaces-scraped.json","","HLM-FR1137256","SEI","SEI 54 Inch Lannington Electric Fireplace with Brown Media Storage Stand"
"electric-fireplaces-scraped.json","","HLM-FE1080759","SEI","SEI 50 Inch Hebbington Electric Fireplace with Tiled Marble Mantel"
"electric-fireplaces-scraped.json","","HLM-FC1126959","SEI","SEI 46 Inch Wansford Contemporary Color Changing Fireplace with Mantel"
"electric-fireplaces-scraped.json","","HLM-FE1095859","SEI","SEI 52 Inch Cardington Electric Fireplace with Industrial Mantel"
"electric-fireplaces-scraped.json","","HLM-FC1137556","SEI","SEI 47 Inch Austindale Color Changing Electric Fireplace with Media Cabinet"
"electric-fireplaces-scraped.json","","HLM-FC1027359","SEI","SEI 44 Inch Trandling Color Changing Electric Fireplace with Faux Stone Surround"
"electric-fireplaces-scraped.json","","HLM-FC1095756","SEI","SEI 60 Inch Dibbonly Color Changing Electric Fireplace with Media Storage"
"electric-fireplaces-scraped.json","","HLM-FC1009659","SEI","SEI 44 Inch Stadderly Changing Electric Fireplace with Mirrored Surround"
"electric-fireplaces-scraped.json","","HLM-FR1095859","SEI","SEI 52 Inch Cardington Contemporary Electric Fireplace with Mantel"
"electric-fireplaces-scraped.json","","HLM-FR1137456","SEI","SEI 46 Inch Dilvon Electric Media Fireplace with Storage"
"electric-fireplaces-scraped.json","","ORT-E-LECTRA50","Ortal","Ortal E-Lectra 50 Inch Traditional Electric Fireplace with Corner Options"
"electric-fireplaces-scraped.json","","JRH-EF10260","JR","JR Home 36 Inch ActiveFlame Mirage 2 Built-In - Wall Mount - or Freestanding Linear Electric Fireplace"
"electric-fireplaces-scraped.json","","FRF-FLR-FP-SUITE-MILAN-GREY","Flamerite","Flamerite Fires 47 Inch Grey Milan Suite Wall Mantel with Slim Line 750S Electric Fireplace"
"electric-fireplaces-scraped.json","","DYN-DY-BFM76","Dynasty","Dynasty Fireplaces 76 Inch Allegro Smart Flush Mount or Built-In Linear Electric Fireplace"
"electric-fireplaces-scraped.json","","DYN-DY-BFM58","Dynasty","Dynasty Fireplaces 58 Inch Allegro Smart Flush Mount or Built-In Linear Electric Fireplace"
"electric-fireplaces-scraped.json","","FRF-FLR-FP-EFX-SL-1000","Flamerite","Flamerite Fires 40 Inch E-FX 1000 Slim Line Built In Linear Electric Fireplace"
"electric-fireplaces-scraped.json","","DYN-DY-BTS60","Dynasty","Dynasty Fireplaces 64 Inch Melody Bay Front Smart Electric Fireplace with Corner Options"
"electric-fireplaces-scraped.json","","DYN-DY-BTS35","Dynasty","Dynasty Fireplaces 35 Inch Melody Bay Front Smart Electric Fireplace with Corner Options"
"electric-fireplaces-scraped.json","","FRF-FLR-FP-EFX-1300","Flamerite","Flamerite Fires 50 Inch E-FX 1300 Linear Bay Front Electric Fireplace with Corner Options"
"electric-fireplaces-scraped.json","","FRF-FLR-FP-SUITE-CAPELLA-WHITE","Flamerite","Flamerite Fires 45 Inch White Capella Suite Mantel with Slim Line 600 E-FX Electric Fireplace"
"electric-fireplaces-scraped.json","","FRF-FLR-FP-EFX-SL-750T","Flamerite","Flamerite Fires 30 Inch E-FX 750 Tall Slim Line Built In Electric Fireplace"
"electric-fireplaces-scraped.json","","JRH-EF-WM502","JR","JR Home 42 Inch Kennedy II Recessed or Wall Mounted Electric Fireplace"
"electric-fireplaces-scraped.json","","JRH-EF10262","JR","JR Home 48 Inch ActiveFlame Mirage 2 Built-In - Wall Mount - or Freestanding Electric Fireplace"
"electric-fireplaces-scraped.json","","FRF-FLR-FP-EFX-SL-750S","Flamerite","Flamerite Fires 30 Inch E-FX 750S Slim Line Built-In Linear Electric Fireplace"
"electric-fireplaces-scraped.json","","FRF-FLR-FP-EFX-1000","Flamerite","Flamerite Fires 40 Inch E-FX 1000 Linear Bay Front Electric Fireplace with Corner Options"
"electric-fireplaces-scraped.json","","JRH-EF10144","JR","JR Home 50 Inch Pro Series Recessed or Wall Mount Black Diamond Electric Fireplace"
"electric-fireplaces-scraped.json","","ORT-E-LECTRA40","Ortal","Ortal E-Lectra 40 Inch Traditional Electric Fireplace with Corner Options"
"electric-fireplaces-scraped.json","","ORT-E-LECTRA32","Ortal","Ortal E-Lectra 32 Inch Traditional Electric Fireplace with Corner Options"
"electric-fireplaces-scraped.json","","ORT-E-LECTRA70","Ortal","Ortal E-Lectra 70 Inch Traditional Electric Fireplace with Corner Options"
"electric-fireplaces-scraped.json","","ORT-US180TELXXXXXBXXX","Ortal","Ortal 74 Inch Holographic Linear Bay Front Electric Fireplace With Corner Options"
"electric-fireplaces-scraped.json","","SUS-SH-FP-SIG-40","Sustainable","Sustainable Hearth 40 Inch Signal Bay Front Linear Electric Fireplace with Corner Options"
"electric-fireplaces-scraped.json","","ORT-E-LECTRA60","Ortal","Ortal E-Lectra 60 Inch Traditional Electric Fireplace with Corner Options"
"electric-fireplaces-scraped.json","","FRF-FLR-FP-EFX-1500","Flamerite","Flamerite Fires 60 Inch E-FX 1500 Linear Bay Front Electric Fireplace with Corner Options"
"electric-fireplaces-scraped.json","","FRF-FLR-FP-EFX-1800","Flamerite","Flamerite Fires 72 Inch E-FX 1800 Linear Bay Front Electric Fireplace with Corner Options"
"electric-fireplaces-scraped.json","","FRF-FLR-FP-EFX-SL-600","Flamerite","Flamerite Fires 24 Inch E-FX 600 Slim Line Built In Electric Fireplace"
"electric-fireplaces-scraped.json","","LDH-ZEF68XC","Litedeer","Litedeer Homes 68 Inch Latitude II Push-In Linear Electric Fireplace with Fire Media"
"electric-fireplaces-scraped.json","","LDH-ZEF78V","Litedeer","Litedeer Homes Latitude II 78 Inch Seamless Push-in Electric Linear Fireplace"
"electric-fireplaces-scraped.json","","LDH-ZEF65XC","Litedeer","Litedeer Homes 65 Inch Latitude Built-In Linear Electric Fireplace with Fire Media"
"electric-fireplaces-scraped.json","","LDH-ZEF68X","Litedeer","Litedeer Homes Latitude II 68 Inch Seamless Push-in Electric Linear Fireplace"
"electric-fireplaces-scraped.json","","LDH-ZEF68XS","Litedeer","Litedeer Homes Gloria II 68 Inch Seamless Push-in Electric Linear Fireplace"
"electric-fireplaces-scraped.json","","LDH-ZEF48X","Litedeer","Litedeer Homes Latitude II 48 Inch Seamless Push-in Electric Linear Fireplace"
"electric-fireplaces-scraped.json","","LDH-ZEF75V","Litedeer","Litedeer Homes Latitude 75 Inch Ultra Slim Built-in Electric Linear Fireplace"
"electric-fireplaces-scraped.json","","LDH-ZEF35A","Litedeer","Litedeer Homes 35 Inch Litestar Smart Electric Fireplace Insert with Breathing Oak Logs (Modern)"
"electric-fireplaces-scraped.json","","LDH-ZEF48XS","Litedeer","Litedeer Homes Gloria II 48 Inch Seamless Push-in Electric Linear Fireplace"
"electric-fireplaces-scraped.json","","LDH-ZEF78VS","Litedeer","Litedeer Homes Gloria II 78 Inch Seamless Push-in Electric Linear Fireplace"
"electric-fireplaces-scraped.json","","LDH-ZEF78VC","Litedeer","Litedeer Homes 78 Inch Latitude II Push-In Linear Electric Fireplace with Fire Media"
"electric-fireplaces-scraped.json","","LDH-ZEF55V","Litedeer","Litedeer Homes Latitude 55 Inch Ultra Slim Built-in Electric Linear Fireplace"
"electric-fireplaces-scraped.json","","LDH-ZEF58VS","Litedeer","Litedeer Homes Gloria II 58 Inch Seamless Push-in Electric Linear Fireplace"
"electric-fireplaces-scraped.json","","LDH-ZEF75VC","Litedeer","Litedeer Homes 75 Inch Latitude Built-In Linear Electric Fireplace with Fire Media"
"electric-fireplaces-scraped.json","","REM-102765-XT","Remii","Remii 65 Inch Extra Tall Electric Linear Fireplace"
"electric-fireplaces-scraped.json","","REM-102765-DE","Remii","Remii 65 Inch Deep Electric Linear Fireplace"
"electric-fireplaces-scraped.json","","REM-40-BAY-SLIM","Remii","Remii Smart Built-In Bay Front Slim 40 Electric Fireplace"
"electric-fireplaces-scraped.json","","REM-CLASSIC-SLIM-30","Remii","Remii Classic Slim 30 Smart Electric Fireplace"
"electric-fireplaces-scraped.json","","REM-60-BAY-SLIM","Remii","Remii Smart Built-In Bay Front Slim 60 Electric Fireplace"
"electric-fireplaces-scraped.json","","REM-102745-DE","Remii","Remii 45 Inch Deep Electric Linear Fireplace"
"electric-fireplaces-scraped.json","","CMB-CAM35WMEF-2WHT","Cambridge","Cambridge 35 Inch Castillo Curved Wall Mount Electric Fireplace with Logs"
"electric-fireplaces-scraped.json","","CMB-CAM78WMEF-1WHT","Cambridge","Cambridge 78 Inch Color-Changing Wall Mount Linear Electric Fireplace"
"electric-fireplaces-scraped.json","","CMB-CAM42RECWMEF-2BLK","Cambridge","Cambridge 42 Inch Recessed or Wall Mount Electric Fireplace with Logs"
"electric-fireplaces-scraped.json","","CMB-CAM60RECWMEF-1BLK","Cambridge","Cambridge 60 Inch Recessed or Wall Mount Electric Fireplace with Crystals"
"electric-fireplaces-scraped.json","","CMB-CAM6938-2COF","Cambridge","Cambridge 69 Inch Somerset Electric Fireplace with Log Set and Console Mantel"
"electric-fireplaces-scraped.json","","CMB-CAM5332-1WHTCRS","Cambridge","Cambridge 53 Inch Sawyer Electric Fireplace with Crystals and Console Mantel - Black and White"
"electric-fireplaces-scraped.json","","CMB-CAM60RECWMEF-2BLK","Cambridge","Cambridge 60 Inch Recessed or Wall Mount Electric Fireplace with Logs"
"electric-fireplaces-scraped.json","","CMB-CAM60WMEF-1WHT","Cambridge","Cambridge 60 Inch Color-Changing Wall Mount Linear Electric Fireplace"
"electric-fireplaces-scraped.json","","CMB-CAM72WMEF-1BLK","Cambridge","Cambridge 72 Inch Color-Changing Wall Mount Linear Electric Fireplace"
"electric-fireplaces-scraped.json","","CMB-CAM50WMEF-1BLK","Cambridge","Cambridge 50 Inch Color-Changing Wall Mount Linear Electric Fireplace"
"electric-fireplaces-scraped.json","","CMB-CAM6215-1MAHCRS","Cambridge","Cambridge 62 Inch Summit Farmhouse Style Electric Fireplace with Crystals and Console Mantel"
"electric-fireplaces-scraped.json","","CMB-CAM6215-1MAHLG3","Cambridge","Cambridge 62 Inch Summit Farmhouse Style Electric Fireplace with Log Set and Console Mantel"
"electric-fireplaces-scraped.json","","CMB-CAM7233-1WALLG3","Cambridge","Cambridge 72 Inch Sanoma Electric Fireplace with Log Set and Console Mantel"
"electric-fireplaces-scraped.json","","CMB-CAM5332-1WWCRS","Cambridge","Cambridge 53 Inch Sawyer Electric Fireplace with Crystals and Console Mantel - Solid White"
"electric-fireplaces-scraped.json","","CMB-CAM6938-1COF","Cambridge","Cambridge 69 Inch Somerset Electric Fireplace with Crystals and Console Mantel"
"electric-fireplaces-scraped.json","","CMB-CAM30WMEF-1BLK","Cambridge","Cambridge 30 Inch Castillo Wall Mount Electric Fireplace with Crystals"
"electric-fireplaces-scraped.json","","CMB-CAM42RECWMEF-1BLK","Cambridge","Cambridge 42 Inch Recessed or Wall Mount Electric Fireplace with Crystals"
"electric-fireplaces-scraped.json","","CMB-CAM50RECWMEF-1BLK","Cambridge","Cambridge 50 Inch Recessed or Wall Mount Electric Fireplace with Crystals"
"electric-fireplaces-scraped.json","","HLM-FE1119656","SEI","SEI 54 Inch Hollesborne Electric Fireplace with Media Storage"
"electric-fireplaces-scraped.json","","HLM-FC9362","SEI","SEI 46 Inch Seneca Color Changing Electric Fireplace with Faux Stone Surround"
"electric-fireplaces-scraped.json","","LST-FP2043","LifeSmart","LifeSmart Large Square Freestanding Faux Stone Infrared Electric Fireplace with Mantel"
"electric-fireplaces-scraped.json","","HLM-FR9285","SEI","SEI 45 Inch Cartwright Corner Convertible Electric Fireplace"
"electric-fireplaces-scraped.json","","HLM-FE9285","SEI","SEI 45 Inch Cartwright Electric Fireplace with Corner Mission Oak Mantel"
"electric-fireplaces-scraped.json","","CMB-CAM42WMEF-1BLK","Cambridge","Cambridge 42 Inch Color-Changing Wall Mount Linear Electric Fireplace"
"electric-fireplaces-scraped.json","","HLM-FE8532","SEI","SEI 72 Inch Chantilly Electric Fireplace Mantel with Bookcase"
"electric-fireplaces-scraped.json","","DYN-DY-BFM82","Dynasty","Dynasty Fireplaces 82 Inch Allegro Smart Flush Mount or Built-In Linear Electric Fireplace"
"electric-fireplaces-scraped.json","","DYN-DY-BFM68","Dynasty","Dynasty Fireplaces 68 Inch Allegro Smart Flush Mount or Built-In Linear Electric Fireplace"
"electric-fireplaces-scraped.json","","CMB-CAM3437-1WHTLG3","Cambridge","Cambridge 34 Inch Sienna Electric Fireplace with Log Set and Console Mantel"
"electric-fireplaces-scraped.json","","LST-FP1215","LifeSmart","LifeSmart 3-Element Small Freestanding Infrared Electric Fireplace with Mantel and Faux Stone Accent"
"electric-fireplaces-scraped.json","","LST-FP1052-OAK","LifeSmart","LifeSmart 3-Element Small Oak Freestanding Infrared Electric Fireplace with Mantel"
"electric-fireplaces-scraped.json","","HLM-FR1137759","SEI","SEI 33 Inch Crittenly Contemporary Electric Fireplace with Gold Trim"
"electric-inserts-scraped.json","","JRH-EF10141","JR","JR Home 36 Inch ActiveFlame Pro Series Electric Fireplace Insert (Modern)"
"electric-inserts-scraped.json","","DYN-DY-FI40D","Dynasty","Dynasty Fireplaces Presto 2 Series 40 Inch Vent Free Electric Fireplace Insert"
"electric-inserts-scraped.json","","DYN-DY-FI35D","Dynasty","Dynasty Fireplaces Presto 2 Series 35 Inch Vent Free Electric Fireplace Insert"
"electric-inserts-scraped.json","","LDH-ZEF38VC","Litedeer","Litedeer Homes 38 Inch LiteStar Smart Electric Fireplace Insert (Modern)"
"electric-inserts-scraped.json","","LDH-ZEF32A","Litedeer","Litedeer Homes 32 Inch Litestar Smart Electric Fireplace Insert with Breathing Oak Logs (Modern)"
"electric-inserts-scraped.json","","DYN-DY-FI32D","Dynasty","Dynasty Fireplaces Presto 2 Series 32 Inch Vent Free Electric Fireplace Insert"
"electric-inserts-scraped.json","","LDH-ZEF38VCII","Litedeer","Litedeer Homes 30 Inch LiteStar Smart Electric Fireplace Insert (Modern)"
"electric-inserts-scraped.json","","SDZ-ZHS-449","SunnyDaze","SunnyDaze 23 Inch Black Heated Log Electric Fireplace Insert"
"electric-inserts-scraped.json","","LDH-ZEF33VC","Litedeer","Litedeer Homes 33 Inch LiteStar Smart Electric Fireplace Insert (Modern)"
"electric-inserts-scraped.json","","LDH-ZEF35A","Litedeer","Litedeer Homes 35 Inch Litestar Smart Electric Fireplace Insert with Breathing Oak Logs (Modern)"
"gas-fireplaces-scraped.json","","FRK-01FR0642","FireRock","FireRock 42 Inch Vent Free Lite Masonry Gas Fireplace"
"gas-fireplaces-scraped.json","","FRK-01FR0048","FireRock","FireRock 48 Inch Conventional Masonry Fireplace"
"gas-fireplaces-scraped.json","","SFL-BOSTON-36-LP-EI","Sierra","Sierra Flame 36 Inch Boston Linear Direct Vent Gas Fireplace"
"gas-fireplaces-scraped.json","","FRK-01FR0348","FireRock","FireRock 48 Inch See-Through Vented Masonry Fireplace"
"gas-fireplaces-scraped.json","","SFL-AUSTIN-65G-NG-DELUXE","Sierra","Sierra Flame 65 Inch Direct Vent Linear Gas Fireplace"
"gas-fireplaces-scraped.json","","SFL-TOSCANA58-NG","Sierra","Sierra Flame 58 Inch Toscana Peninsula Gas Fireplace"
"gas-fireplaces-scraped.json","","SFL-BENNETT-45-NG","Sierra","Sierra Flame 45 Inch Bennett Series Direct Vent Linear Fireplace"
"gas-fireplaces-scraped.json","","SFL-NEWCOMB-36-DELUXE-NG","Sierra","Sierra Flame 36 Inch Newcomb Deluxe Series Direct Vent Linear Fireplaces"
"gas-fireplaces-scraped.json","","FRK-01FR0248","FireRock","FireRock 48 Inch Vent Free Masonry Fireplace"
"gas-fireplaces-scraped.json","","SFL-STANFORD-55G-NG-DELUXE","Sierra","Sierra Flame 55 Inch Stanford Series Direct Vent Linear Fireplace"
"gas-fireplaces-scraped.json","","FRK-01FR0330","FireRock","FireRock 30 Inch See-Through Vented Masonry Fireplace"
"gas-fireplaces-scraped.json","","FRK-01FR0536","FireRock","FireRock 36 Inch Rumford Style Vented Masonry Fireplace"
"gas-fireplaces-scraped.json","","FRK-01FR0860","FireRock","FireRock 60 Inch Linear Masonry Fireplace"
"gas-fireplaces-scraped.json","","SFL-STANFORD-55G-LP-DELUXE-STANFORD-SUR-SS","Sierra","Sierra Flame 55 Inch Stanford Deluxe Linear Direct Vent Gas Fireplace with Decorative Surround"
"gas-fireplaces-scraped.json","","SFL-VIENNA40-NG","Sierra","Sierra Flame 40 Inch Vienna Direct Vent Gas Fireplace"
"gas-fireplaces-scraped.json","","SFL-TOSCANA38-NG","Sierra","Sierra Flame 38 Inch Toscana Peninsula Gas Fireplace"
"gas-fireplaces-scraped.json","","FRK-01FR1042","FireRock","FireRock 42 Inch California Conventional Masonry Fireplace"
"gas-fireplaces-scraped.json","","FRK-01FR0548","FireRock","FireRock 48 Inch Rumford Style Vented Masonry Fireplace"
"gas-fireplaces-scraped.json","","SFL-PALISADE-36-NG","Sierra","Sierra Flame 36 Inch Palisade Series Direct Vent See-Thru Linear Fireplace"
"gas-fireplaces-scraped.json","","FRK-01FR0042","FireRock","FireRock 42 Inch Conventional Masonry Fireplace"
"gas-fireplaces-scraped.json","","FRK-01FR0036","FireRock","FireRock 36 Inch Conventional Masonry Fireplace"
"gas-fireplaces-scraped.json","","FRK-01FR1230","FireRock","FireRock 30 Inch Arched Outdoor Masonry Fireplace"
"gas-fireplaces-scraped.json","","FRK-01FR0542","FireRock","FireRock 42 Inch Rumford Style Vented Masonry Fireplace"
"gas-fireplaces-scraped.json","","SFL-EMERSON-48-DELUXE-NG","Sierra","Sierra Flame 48 Inch Emerson Series See-Thru Slim Linear Fireplace"
"gas-fireplaces-scraped.json","","FRK-01FR1048","FireRock","FireRock 48 Inch California Conventional Masonry Fireplace"
"gas-fireplaces-scraped.json","","PTS-MBW-18","Real","Real Fyre 18 Inch Mountain Birch Vented Gas Log Set"
"gas-fireplaces-scraped.json","","FRK-01FR0230","FireRock","FireRock 30 Inch Vent Free Masonry Fireplace"
"gas-fireplaces-scraped.json","","FRK-01FR0736","FireRock","FireRock 36 Inch Straight Outdoor Masonry Fireplace"
"gas-fireplaces-scraped.json","","SFL-AUSTIN-65G-NG-DELUXE-AUSTIN-CLEAN-BLK","Sierra","Sierra Flame 65 Inch Austin Deluxe Linear Direct Vent Gas Fireplace with Surround"
"gas-fireplaces-scraped.json","","SFL-VIENNA60-NG","Sierra","Sierra Flame 60 Inch Vienna Direct Vent Gas Fireplace"
"gas-fireplaces-scraped.json","","FRK-01FR0060","FireRock","FireRock 60 Inch Conventional Oversized Masonry Fireplace"
"gas-fireplaces-scraped.json","","FRK-01FR1242","FireRock","FireRock 42 Inch Arched Outdoor Masonry Fireplace"
"gas-fireplaces-scraped.json","","FRK-01FR1030","FireRock","FireRock 30 Inch California Conventional Masonry Fireplace"
"gas-fireplaces-scraped.json","","FRK-01FR1036","FireRock","FireRock 36 Inch California Conventional Masonry Fireplace"
"gas-fireplaces-scraped.json","","FRK-01FR0336","FireRock","FireRock 36 Inch See-Through Vented Masonry Fireplace"
"gas-fireplaces-scraped.json","","FRK-01FR0742","FireRock","FireRock 42 Inch Straight Outdoor Masonry Fireplace"
"gas-fireplaces-scraped.json","","FRK-01FR0730","FireRock","FireRock 30 Inch Straight Outdoor Masonry Fireplace"
"gas-fireplaces-scraped.json","","FRK-01FR1236","FireRock","FireRock 36 Inch Arched Outdoor Masonry Fireplace"
"gas-fireplaces-scraped.json","","FRK-01FR0242","FireRock","FireRock 42 Inch Vent Free Masonry Fireplace"
"gas-fireplaces-scraped.json","","FRK-01FR0530","FireRock","FireRock 30 Inch Rumford Style Vented Masonry Fireplace"
"gas-fireplaces-scraped.json","","FRK-01FR0636","FireRock","FireRock 36 Inch Vent Free Lite Masonry Gas Fireplace"
"gas-fireplaces-scraped.json","","SFL-BENNETT-45-LP-BENNETT-CLEAN-BLK","Sierra","Sierra Flame 45 Inch Bennett Linear Direct Vent Gas Fireplace with Surround"
"gas-fireplaces-scraped.json","","SFL-NEWCOMB-36-NG","Sierra","Sierra Flame 36 Inch Newcomb Series Direct Vent Linear Fireplaces"
"gas-fireplaces-scraped.json","","FRK-01FR0342","FireRock","FireRock 42 Inch See-Through Vented Masonry Fireplace"
"gas-fireplaces-scraped.json","","FRK-01FR0442","FireRock","FireRock 42 Inch See Through Vent Free Masonry Fireplace"
"gas-fireplaces-scraped.json","","FRK-01FR0872","FireRock","FireRock 72 Inch Linear Masonry Fireplace"
"gas-fireplaces-scraped.json","","FRK-01FR0072","FireRock","FireRock 72 Inch Conventional Oversized Masonry Fireplace"
"gas-fireplaces-scraped.json","","FRK-01FR0430","FireRock","FireRock 30 Inch See-Through Vent Free Masonry Fireplace"
"gas-fireplaces-scraped.json","","SFL-TOSCANA48-NG","Sierra","Sierra Flame 48 Inch Toscana Peninsula Gas Fireplace"
"gas-fireplaces-scraped.json","","SFL-LYON48-NG","Sierra","Sierra Flame 48 Inch Four-Sided See Through Natural Gas Fireplace"
"gas-fireplaces-scraped.json","","SFL-PALISADE-36-DELUXE-LP","Sierra","Sierra Flame 36 Inch Palisade Deluxe See-Through Linear Direct Vent Gas Fireplace"
"gas-fireplaces-scraped.json","","SFL-STANFORD-55G-LP-DELUXE-STANFORD-CLEAN-BLK","Sierra","Sierra Flame 55 Inch Stanford Deluxe Linear Direct Vent Gas Fireplace with Surround"
"gas-fireplaces-scraped.json","","SFL-STANFORD-55G-LP-DELUXE-STANFORD-SB","Sierra","Sierra Flame 55 Inch Stanford Deluxe Linear Direct Vent Gas Fireplace with Basic Trim"
"gas-fireplaces-scraped.json","","FRK-01FR0030","FireRock","FireRock 30 Inch Conventional Masonry Fireplace"
"gas-fireplaces-scraped.json","","FRK-01FR0436","FireRock","FireRock 36 Inch See-Through Vent Free Masonry Fireplace"
"gas-fireplaces-scraped.json","","SFL-NEWCOMB-36-DELUXE-LP-NEWCOMB-CLEAN-BLK","Sierra","Sierra Flame 36 Inch Newcomb Deluxe Linear Direct Vent Gas Fireplace with Surround"
"gas-fireplaces-scraped.json","","SFL-BENNETT-45-LP-BENNETT-SB","Sierra","Sierra Flame 45 Inch Bennett Linear Direct Vent Gas Fireplace with Basic Trim"
"gas-fireplaces-scraped.json","","AFD-073-02-A-BA-LBC","American","American Fyre Designs Vented Mariposa Fireplace - Recessed Body and 16 Inch Rectangle Bullnose Hearth"
"gas-fireplaces-scraped.json","","FRK-01FR0448","FireRock","FireRock 48 Inch See Through Vent Free Masonry Fireplace"
"gas-fireplaces-scraped.json","","FRK-01FR0236","FireRock","FireRock 36 Inch Vent Free Masonry Fireplace"
"gas-fireplaces-scraped.json","","SFL-NEWCOMB-36-LP-NEWCOMB-36-SURR-BLK-SCR","Sierra","Sierra Flame 36 Inch Newcomb Linear Direct Vent Gas Fireplace with Black Surround"
"gas-fireplaces-scraped.json","","SFL-AUSTIN-65G-NG-DELUXE-AUSTIN-SB","Sierra","Sierra Flame 65 Inch Austin Deluxe Linear Direct Vent Gas Fireplace with Basic Trim"
"gas-fireplaces-scraped.json","","SFL-NEWCOMB-36-DELUXE-LP-NEWCOMB-36-SURR-BLK-SCR","Sierra","Sierra Flame 36 Inch Newcomb Deluxe Linear Direct Vent Gas Fireplace with Black Surround"
"gas-fireplaces-scraped.json","","SFL-NEWCOMB-36-LP-NEWCOMB-36-SURR-SS-SCR","Sierra","Sierra Flame 36 Inch Newcomb Linear Direct Vent Gas Fireplace with Stainless Steel Surround"
"gas-fireplaces-scraped.json","","SFL-NEWCOMB-36-NG-NEWCOMB-SURR-BLK-SCR","Sierra","Sierra Flame 36 Inch Newcomb Linear Direct Vent Gas Fireplace with Surround and Safety Screen"
"gas-fireplaces-scraped.json","","SFL-VIENNA50-NG","Sierra","Sierra Flame 50 Inch Vienna Direct Vent Gas Fireplace"
"gas-fireplaces-scraped.json","","SFL-NEWCOMB-36-DELUXE-LP-NEWCOMB-SURR-BLK-SCR","Sierra","Sierra Flame 36 Inch Newcomb Deluxe Linear Direct Vent Gas Fireplace with Safety Barrier"
"gas-fireplaces-scraped.json","","SFL-NEWCOMB-36-DELUXE-LP-NEWCOMB-36-SURR-SS-SCR","Sierra","Sierra Flame 36 Inch Newcomb Deluxe Linear Direct Vent Gas Fireplace with Stainless Steel Surround"
"gas-fireplaces-scraped.json","","SFL-NEWCOMB-36-LP-NEWCOMB-CLEAN-BLK","Sierra","Sierra Flame 36 Inch Newcomb Linear Direct Vent Gas Fireplace with Surround"
"gas-fireplaces-scraped.json","","AFD-211-TA-N-BA-H8NC","American","American Fyre Designs 72 Inch Milan Tall Linear Outdoor Gas Fireplace - Fyrestarter Smart Ignition"
"gas-fireplaces-scraped.json","","AFD-073-01-N-BA-LBC","American","American Fyre Designs Vented Mariposa Fireplace - 16 Inch Radiused Bullnose Hearth"
"gas-fireplaces-scraped.json","","AFD-211-LO-N-BA-H8NC","American","American Fyre Designs 72 Inch Milan Low Linear Outdoor Gas Fireplace - Fyrestarter Smart Ignition"
"gas-fireplaces-scraped.json","","AFD-211-LO-N-BA-M8NC","American","American Fyre Designs 72 Inch Milan Low Linear Outdoor Gas Fireplace - Flame Sense Manual Ignition"
"gas-fireplaces-scraped.json","","AFD-073-01-H-BA-LBC","American","American Fyre Designs Vented Mariposa Fireplace - Recessed 16 Inch Radiused Bullnose Hearth"
"gas-fireplaces-scraped.json","","AFD-818-05-H-CB-RBC","American","American Fyre Designs Grand Phoenix Freestanding Vented Outdoor Gas Fireplace"
"gas-fireplaces-scraped.json","","AFD-117-05-A-CB-RBC","American","American Fyre Designs Phoenix Freestanding Vent Free Outdoor Gas Fireplace"
"gas-fireplaces-scraped.json","","AFD-073-01-A-BA-LBC","American","American Fyre Designs Vented Mariposa Fireplace - Recessed Body and 16 Inch Radiused Bullnose Hearth"
"gas-fireplaces-scraped.json","","AFD-073-01-A-BA-RBC","American","American Fyre Designs Mariposa Freestanding Vented Outdoor Gas Fireplace"
"gas-fireplaces-scraped.json","","AFD-173-05-N-CB-RBC","American","American Fyre Designs Mariposa Freestanding Vent Free Outdoor Gas Fireplace"
"gas-fireplaces-scraped.json","","AFD-017-05-A-WA-RBC","American","American Fyre Designs Phoenix Freestanding Vented Outdoor Gas Fireplace"
"gas-fireplaces-scraped.json","","AFD-073-04-N-BA-LBC","American","American Fyre Designs Vented Mariposa Fireplace - 4 Inch Roundover Bullnose Hearth"
"gas-fireplaces-scraped.json","","AFD-118-05-H-WA-RBC","American","American Fyre Designs Grand Phoenix Freestanding Vent Free Outdoor Gas Fireplace"
"gas-fireplaces-scraped.json","","AFD-211-TA-N-BA-M8NC","American","American Fyre Designs 72 Inch Milan Tall Linear Outdoor Gas Fireplace - Flame Sense Manual Ignition"
"gas-fireplaces-scraped.json","","AFD-073-02-N-BA-LBC","American","American Fyre Designs Vented Mariposa Fireplace - 16 Inch Rectangle Bullnose Hearth"
"gas-inserts-scraped.json","","SFL-ABBOT-30BL-DELUXE-NG","Sierra","Sierra Flame 30 Inch Abbot Deluxe Direct Vent Gas Fireplace Insert - Log Set"
"gas-inserts-scraped.json","","PTS-DVI-30M-01-32N","Real","Real Fyre 30 Inch mSeries Direct Vent Gas Fireplace Insert"
"gas-inserts-scraped.json","","SFL-ABBOT-30PG-DELUXE-NG","Sierra","Sierra Flame 30 Inch Abbot Deluxe Direct Vent Gas Fireplace Insert - Glass Media Set"
"outdoor-fireplaces-scraped.json","","STA-SA-36CN","Stone","Stone Age Manufacturing 36 Inch Contractor Fireplace Kit"
"outdoor-fireplaces-scraped.json","","STA-SA-48CN","Stone","Stone Age Manufacturing 48 Inch Contractor Fireplace Kit"
"outdoor-fireplaces-scraped.json","","AFP-90209","Anywhere","Anywhere Fireplace Broadway Freestanding Vent Free Ethanol Fireplace"
"outdoor-fireplaces-scraped.json","","FRK-01FR0642","FireRock","FireRock 42 Inch Vent Free Lite Masonry Gas Fireplace"
"outdoor-fireplaces-scraped.json","","FRK-01FR0048","FireRock","FireRock 48 Inch Conventional Masonry Fireplace"
"outdoor-fireplaces-scraped.json","","FRK-01FR0348","FireRock","FireRock 48 Inch See-Through Vented Masonry Fireplace"
"outdoor-fireplaces-scraped.json","","REM-WM-34","Remii","Remii 33 Inch WM Smart Indoor/Outdoor Electric Fireplace"
"outdoor-fireplaces-scraped.json","","STA-SA-VER-UA","Stone","Stone Age Manufacturing 18 Inch Veranda DIY Outdoor Fireplace Kit"
"outdoor-fireplaces-scraped.json","","STA-SA-24PS","Stone","Stone Age Manufacturing 24 Inch Patio Series Outdoor Fireplace with Straight Lintel"
"outdoor-fireplaces-scraped.json","","FRK-01FR0248","FireRock","FireRock 48 Inch Vent Free Masonry Fireplace"
"outdoor-fireplaces-scraped.json","","FRK-01FR0330","FireRock","FireRock 30 Inch See-Through Vented Masonry Fireplace"
"outdoor-fireplaces-scraped.json","","STA-SA48","Stone","Stone Age Manufacturing 48 Inch Standard Fireplace Kit"
"outdoor-fireplaces-scraped.json","","FRK-01FR0536","FireRock","FireRock 36 Inch Rumford Style Vented Masonry Fireplace"
"outdoor-fireplaces-scraped.json","","FRK-01FR0860","FireRock","FireRock 60 Inch Linear Masonry Fireplace"
"outdoor-fireplaces-scraped.json","","FRK-01FR1042","FireRock","FireRock 42 Inch California Conventional Masonry Fireplace"
"outdoor-fireplaces-scraped.json","","STA-SA-24CN","Stone","Stone Age Manufacturing 24 Inch Contractor Outdoor Fireplace Kit"
"outdoor-fireplaces-scraped.json","","FRK-01FR0548","FireRock","FireRock 48 Inch Rumford Style Vented Masonry Fireplace"
"outdoor-fireplaces-scraped.json","","STA-SA36","Stone","Stone Age Manufacturing 36 Inch Standard Fireplace Kit"
"outdoor-fireplaces-scraped.json","","FRK-01FR0042","FireRock","FireRock 42 Inch Conventional Masonry Fireplace"
"outdoor-fireplaces-scraped.json","","FRK-01FR0036","FireRock","FireRock 36 Inch Conventional Masonry Fireplace"
"outdoor-fireplaces-scraped.json","","FRK-01FR1230","FireRock","FireRock 30 Inch Arched Outdoor Masonry Fireplace"
"outdoor-fireplaces-scraped.json","","FRK-01FR0542","FireRock","FireRock 42 Inch Rumford Style Vented Masonry Fireplace"
"outdoor-fireplaces-scraped.json","","FRK-01FR1048","FireRock","FireRock 48 Inch California Conventional Masonry Fireplace"
"outdoor-fireplaces-scraped.json","","AFD-045-11-A-WC-RBC","American","American Fyre Designs Vented Contractor&#039;s Fireplace with Moulding"
"outdoor-fireplaces-scraped.json","","FRK-01FR0230","FireRock","FireRock 30 Inch Vent Free Masonry Fireplace"
"outdoor-fireplaces-scraped.json","","FRK-01FR0736","FireRock","FireRock 36 Inch Straight Outdoor Masonry Fireplace"
"outdoor-fireplaces-scraped.json","","SFL-TAHOE-45-LP","Sierra","Sierra Flame 45 Inch Tahoe Outdoor Linear Vent Free Gas Fireplace"
"outdoor-fireplaces-scraped.json","","STA-NA36","Stone","Stone Age Manufacturing 36 Inch Zero Clearance Fireplace Kit"
"outdoor-fireplaces-scraped.json","","STA-SA-36CN-ST","Stone","Stone Age Manufacturing 36 Inch Contractor See-Through Fireplace Kit"
"outdoor-fireplaces-scraped.json","","FRK-01FR0060","FireRock","FireRock 60 Inch Conventional Oversized Masonry Fireplace"
"outdoor-fireplaces-scraped.json","","STA-SA-24CN-ST","Stone","Stone Age Manufacturing 24 Inch Contractor See-Through Fireplace Kit"
"outdoor-fireplaces-scraped.json","","STA-SA24-NB","Stone","Stone Age Manufacturing 24 Inch Standard Fireplace Kit without Firebrick"
"outdoor-fireplaces-scraped.json","","BIO-FIORENZO","Bio","Bio Flame 34 Inch Fiorenzo Wall Mount Ethanol Fireplace"
"outdoor-fireplaces-scraped.json","","BIO-FB-DS-38-16M-SILVER","Bio","Bio Flame 39 Inch See-Through Ethanol Fireplace with 16 Inch Burner"
"outdoor-fireplaces-scraped.json","","STA-SA-36PS","Stone","Stone Age Manufacturing 36 Inch Patio Series Outdoor Fireplace with Straight Lintel"
"outdoor-fireplaces-scraped.json","","FRK-01FR1242","FireRock","FireRock 42 Inch Arched Outdoor Masonry Fireplace"
"outdoor-fireplaces-scraped.json","","FRK-01FR1030","FireRock","FireRock 30 Inch California Conventional Masonry Fireplace"
"outdoor-fireplaces-scraped.json","","FRK-01FR1036","FireRock","FireRock 36 Inch California Conventional Masonry Fireplace"
"outdoor-fireplaces-scraped.json","","FRK-01FR0336","FireRock","FireRock 36 Inch See-Through Vented Masonry Fireplace"
"outdoor-fireplaces-scraped.json","","FRK-01FR0742","FireRock","FireRock 42 Inch Straight Outdoor Masonry Fireplace"
"outdoor-fireplaces-scraped.json","","STA-NA36-5FB","Stone","Stone Age Manufacturing 36 Inch New Age Five Piece Firebox Kit"
"outdoor-fireplaces-scraped.json","","STA-NA48","Stone","Stone Age Manufacturing 48 Inch Zero Clearance Fireplace Kit"
"outdoor-fireplaces-scraped.json","","FRK-01FR0730","FireRock","FireRock 30 Inch Straight Outdoor Masonry Fireplace"
"outdoor-fireplaces-scraped.json","","AFD-040-11-A-WC-RBC","American","American Fyre Designs Vented Contractor&#039;s Fireplace"
"outdoor-fireplaces-scraped.json","","FRK-01FR1236","FireRock","FireRock 36 Inch Arched Outdoor Masonry Fireplace"
"outdoor-fireplaces-scraped.json","","FRK-01FR0242","FireRock","FireRock 42 Inch Vent Free Masonry Fireplace"
"outdoor-fireplaces-scraped.json","","FRK-01FR0530","FireRock","FireRock 30 Inch Rumford Style Vented Masonry Fireplace"
"outdoor-fireplaces-scraped.json","","STA-SA-48CN-ST","Stone","Stone Age Manufacturing 48 Inch Contractor See-Through Fireplace Kit"
"outdoor-fireplaces-scraped.json","","STA-NA42-5FB","Stone","Stone Age Manufacturing 42 Inch New Age Five Piece Firebox Kit"
"outdoor-fireplaces-scraped.json","","FRK-01FR0636","FireRock","FireRock 36 Inch Vent Free Lite Masonry Gas Fireplace"
"outdoor-fireplaces-scraped.json","","AFD-145-11-A-WC-RBC","American","American Fyre Designs Vent Free Contractor&#039;s Fireplace with Moulding"
"outdoor-fireplaces-scraped.json","","DRO-DE00401","Drolet","Drolet Bora Outdoor Wood Burning Fireplace"
"outdoor-fireplaces-scraped.json","","FRK-01FR0342","FireRock","FireRock 42 Inch See-Through Vented Masonry Fireplace"
"outdoor-fireplaces-scraped.json","","FRK-01FR0442","FireRock","FireRock 42 Inch See Through Vent Free Masonry Fireplace"
"outdoor-fireplaces-scraped.json","","STA-SA-48PS","Stone","Stone Age Manufacturing 48 Inch Patio Series Outdoor Fireplace with Straight Lintel"
"outdoor-fireplaces-scraped.json","","FRK-01FR0872","FireRock","FireRock 72 Inch Linear Masonry Fireplace"
"outdoor-fireplaces-scraped.json","","STA-NA72","Stone","Stone Age Manufacturing 72 Inch New Age Zero-Clearance Fireplace with Straight Lintel"
"outdoor-fireplaces-scraped.json","","FRK-01FR0430","FireRock","FireRock 30 Inch See-Through Vent Free Masonry Fireplace"
"outdoor-fireplaces-scraped.json","","FRK-01FR0072","FireRock","FireRock 72 Inch Conventional Oversized Masonry Fireplace"
"outdoor-fireplaces-scraped.json","","STA-SA24","Stone","Stone Age Manufacturing 24 Inch Standard Fireplace Kit"
"outdoor-fireplaces-scraped.json","","STA-SA48-NB","Stone","Stone Age Manufacturing 48 Inch Standard Fireplace Kit without Firebrick"
"outdoor-fireplaces-scraped.json","","FRK-01FR0030","FireRock","FireRock 30 Inch Conventional Masonry Fireplace"
"outdoor-fireplaces-scraped.json","","STA-NA36VF","Stone","Stone Age Manufacturing 36 Inch New Age Vent-Free Firebox"
"outdoor-fireplaces-scraped.json","","FRK-01FR0436","FireRock","FireRock 36 Inch See-Through Vent Free Masonry Fireplace"
"outdoor-fireplaces-scraped.json","","AFP-90296","Anywhere","Anywhere Fireplace 32 Inch Gramercy Indoor/Outdoor Freestanding Vent Free Ethanol Fireplace"
"outdoor-fireplaces-scraped.json","","AFD-073-02-A-BA-LBC","American","American Fyre Designs Vented Mariposa Fireplace - Recessed Body and 16 Inch Rectangle Bullnose Hearth"
"outdoor-fireplaces-scraped.json","","AFD-140-11-A-WC-RBC","American","American Fyre Designs Vent Free Contractor&#039;s Fireplace"
"outdoor-fireplaces-scraped.json","","BIO-LORENZO-WM","Bio","Bio Flame 43 Inch Lorenzo Wall Mount Ethanol Fireplace"
"outdoor-fireplaces-scraped.json","","BIO-LORENZO-RC","Bio","Bio Flame 43 Inch Lorenzo Recessed Ethanol Fireplace"
"outdoor-fireplaces-scraped.json","","STA-NA60","Stone","Stone Age Manufacturing 60 Inch New Age Zero-Clearance Fireplace with Straight Lintel"
"outdoor-fireplaces-scraped.json","","STA-SA48-ST","Stone","Stone Age Manufacturing 48 Inch Standard See Through Fireplace Kit"
"outdoor-fireplaces-scraped.json","","STA-SA24-ST","Stone","Stone Age Manufacturing 24 Inch Standard See Through Fireplace Kit"
"outdoor-fireplaces-scraped.json","","STA-SA36-NB","Stone","Stone Age Manufacturing 36 Inch Standard Fireplace Kit without Firebrick"
"outdoor-fireplaces-scraped.json","","STA-NA42","Stone","Stone Age Manufacturing 42 Inch Zero Clearance Fireplace Kit"
"outdoor-fireplaces-scraped.json","","STA-SA36-ST","Stone","Stone Age Manufacturing 36 Inch Standard See Through Fireplace Kit"
"outdoor-fireplaces-scraped.json","","STA-NA42VF","Stone","Stone Age Manufacturing 42 Inch New Age Vent-Free Firebox"
"outdoor-fireplaces-scraped.json","","FRK-01FR0236","FireRock","FireRock 36 Inch Vent Free Masonry Fireplace"
"outdoor-fireplaces-scraped.json","","FRK-01FR0448","FireRock","FireRock 48 Inch See Through Vent Free Masonry Fireplace"
"outdoor-fireplaces-scraped.json","","AFP-90240","Anywhere","Anywhere Fireplace 10 Inch Jupiter Stainless Steel Ethanol Gel Fuel Fireplace/Lantern"
"outdoor-fireplaces-scraped.json","","AFP-90241","Anywhere","Anywhere Fireplace 8 1/2 Inch Neptune Stainless Steel Ethanol Gel Fuel Fireplace/Lantern"
"outdoor-fireplaces-scraped.json","","AFP-90237","Anywhere","Anywhere Fireplace 13 Inch Saturn Stainless Steel Ethanol Gel Fuel Fireplace/Lantern"
"outdoor-fireplaces-scraped.json","","AFD-073-02-N-BA-LBC","American","American Fyre Designs Vented Mariposa Fireplace - 16 Inch Rectangle Bullnose Hearth"
"outdoor-fireplaces-scraped.json","","AFD-118-05-H-WA-RBC","American","American Fyre Designs Grand Phoenix Freestanding Vent Free Outdoor Gas Fireplace"
"outdoor-fireplaces-scraped.json","","AFD-073-04-N-BA-LBC","American","American Fyre Designs Vented Mariposa Fireplace - 4 Inch Roundover Bullnose Hearth"
"outdoor-fireplaces-scraped.json","","AFD-211-TA-N-BA-M8NC","American","American Fyre Designs 72 Inch Milan Tall Linear Outdoor Gas Fireplace - Flame Sense Manual Ignition"
"outdoor-fireplaces-scraped.json","","AFD-818-05-H-CB-RBC","American","American Fyre Designs Grand Phoenix Freestanding Vented Outdoor Gas Fireplace"
"outdoor-fireplaces-scraped.json","","AFD-073-01-H-BA-LBC","American","American Fyre Designs Vented Mariposa Fireplace - Recessed 16 Inch Radiused Bullnose Hearth"
"outdoor-fireplaces-scraped.json","","AFD-211-LO-N-BA-H8NC","American","American Fyre Designs 72 Inch Milan Low Linear Outdoor Gas Fireplace - Fyrestarter Smart Ignition"
"outdoor-fireplaces-scraped.json","","AFD-073-01-N-BA-LBC","American","American Fyre Designs Vented Mariposa Fireplace - 16 Inch Radiused Bullnose Hearth"
"outdoor-fireplaces-scraped.json","","AFD-211-LO-N-BA-M8NC","American","American Fyre Designs 72 Inch Milan Low Linear Outdoor Gas Fireplace - Flame Sense Manual Ignition"
"outdoor-fireplaces-scraped.json","","AFD-117-05-A-CB-RBC","American","American Fyre Designs Phoenix Freestanding Vent Free Outdoor Gas Fireplace"
"outdoor-fireplaces-scraped.json","","AFD-211-TA-N-BA-H8NC","American","American Fyre Designs 72 Inch Milan Tall Linear Outdoor Gas Fireplace - Fyrestarter Smart Ignition"
"outdoor-fireplaces-scraped.json","","AFD-017-05-A-WA-RBC","American","American Fyre Designs Phoenix Freestanding Vented Outdoor Gas Fireplace"
"outdoor-fireplaces-scraped.json","","AFD-173-05-N-CB-RBC","American","American Fyre Designs Mariposa Freestanding Vent Free Outdoor Gas Fireplace"
"outdoor-fireplaces-scraped.json","","AFD-073-01-A-BA-RBC","American","American Fyre Designs Mariposa Freestanding Vented Outdoor Gas Fireplace"
"outdoor-fireplaces-scraped.json","","AFD-073-01-A-BA-LBC","American","American Fyre Designs Vented Mariposa Fireplace - Recessed Body and 16 Inch Radiused Bullnose Hearth"
"outdoor-fireplaces-scraped.json","","BIO-FB-DS-84-60RC-SILVER-SPACER","Bio","Bio Flame 84 Inch See-Through Ethanol Fireplace with 60 Inch Remote Control Burner"
"outdoor-fireplaces-scraped.json","","BIO-FB-SS-84-60M-SILVER-SPACER","Bio","Bio Flame 84 Inch Ethanol Fireplace with 60 Inch Burner"
"outdoor-fireplaces-scraped.json","","BIO-ALLURE","Bio","Bio Flame 47 Inch Allure See-Through Free Standing Ethanol Fireplace"
"outdoor-fireplaces-scraped.json","","BIO-FB-DS-38-24M-SILVER","Bio","Bio Flame 39 Inch See-Through Ethanol Fireplace with 24 Inch Burner"
"outdoor-fireplaces-scraped.json","","BIO-FB-DS-60-48RC-BLACK-FLUSH","Bio","Bio Flame 60 Inch See-Through Ethanol Fireplace with 48 Inch Remote Control Burner"
"outdoor-fireplaces-scraped.json","","BIO-FB-DS-96-72RC-SILVER-SPACER","Bio","Bio Flame 96 Inch See-Through Ethanol Fireplace with 72 Inch Remote Control Burner"
"outdoor-fireplaces-scraped.json","","BIO-FB-DS-60-48M-BLACK-FLUSH","Bio","Bio Flame 60 Inch See-Through Ethanol Fireplace with 48 Inch Burner"
"outdoor-fireplaces-scraped.json","","BIO-FB-SS-24-16RC-BLACK-FLUSH","Bio","Bio Flame 24 Inch Ethanol Fireplace with 16 Inch Remote Control Burner"
"outdoor-fireplaces-scraped.json","","BIO-FB-SS-38-18RC-SILVER-SPACER","Bio","Bio Flame 39 Inch Ethanol Fireplace with 18 Remote Control Burner"
"outdoor-fireplaces-scraped.json","","BIO-FB-SS-96-72RC-SILVER-SPACER","Bio","Bio Flame 96 Inch Ethanol Fireplace with 72 Inch Remote Control Burner"
"outdoor-fireplaces-scraped.json","","BIO-FB-SS-60-48M-BLACK-FLUSH","Bio","Bio Flame 60 Inch Ethanol Fireplace with 48 Inch Burner"
"outdoor-fireplaces-scraped.json","","BIO-FB-SS-60-48RC-BLACK-FLUSH","Bio","Bio Flame 60 Inch Ethanol Fireplace with 48 Inch Remote Control Burner"
"outdoor-fireplaces-scraped.json","","BIO-FB-SS-96-72M-SILVER-SPACER","Bio","Bio Flame 96 Inch Ethanol Fireplace with 72 Inch Burner"
"outdoor-fireplaces-scraped.json","","BIO-FB-SS-96-84RC-SILVER-SPACER","Bio","Bio Flame 96 Inch Ethanol Fireplace with 84 Inch Remote Control Burner"
"outdoor-fireplaces-scraped.json","","BIO-FB-DS-72-48M-BLACK-FLUSH","Bio","Bio Flame 72 Inch See-Through Ethanol Fireplace with 48 Inch Burner"
"outdoor-fireplaces-scraped.json","","BIO-FB-DS-72-60RC-BLACK-FLUSH","Bio","Bio Flame 72 Inch See-Through Ethanol Fireplace with 60 Inch Remote Control Burner"
"outdoor-fireplaces-scraped.json","","BIO-FB-DS-84-60M-SILVER-SPACER","Bio","Bio Flame 84 Inch See-Through Ethanol Fireplace with 60 Inch Burner"
"outdoor-fireplaces-scraped.json","","BIO-FB-SS-72-48M-BLACK-FLUSH","Bio","Bio Flame 72 Inch Ethanol Fireplace with 48 Inch Burner"
"outdoor-fireplaces-scraped.json","","BIO-ROGUE-2-0-SS-BLACK","Bio","Bio Flame 36 Inch Rogue 2.0 Free Standing Ethanol Fireplace"
"outdoor-fireplaces-scraped.json","","BIO-SEK-XL-BLACK","Bio","Bio Flame 54 Inch Sek XL Double-Sided Free Standing Ethanol Fireplace"
"outdoor-fireplaces-scraped.json","","BIO-FB-SS-72-48RC-BLACK-FLUSH","Bio","Bio Flame 72 Inch Ethanol Fireplace with 48 Inch Remote Control Burner"
"outdoor-fireplaces-scraped.json","","BIO-GRATE-38-SILVER-BUNDLE","Bio","Bio Flame 38 Inch Ethanol Fireplace Burner and Grate Kit"
"outdoor-fireplaces-scraped.json","","BIO-FB-DS-38-24RC-SILVER","Bio","Bio Flame 39 Inch See-Through Ethanol Fireplace with 24 Inch Remote Control Burner"
"outdoor-fireplaces-scraped.json","","BIO-XELO-SILVER","Bio","Bio Flame 20 Inch Xelo Wall Mount Ethanol Fireplace"
"outdoor-fireplaces-scraped.json","","BIO-FB-SS-XL-38M-SILVER-SPACER","Bio","Bio Flame 52 Inch XL Ethanol Fireplace with 38 Inch Burner"
"outdoor-fireplaces-scraped.json","","BIO-PURE","Bio","Bio Flame 24 Inch Pure Wall Mount Ethanol Fireplace"
"outdoor-fireplaces-scraped.json","","BIO-FB-DS-72-48RC-BLACK-FLUSH","Bio","Bio Flame 72 Inch See-Through Ethanol Fireplace with 48 Inch Remote Control Burner"
"outdoor-fireplaces-scraped.json","","BIO-FB-DS-96-72M-SILVER-SPACER","Bio","Bio Flame 96 Inch See-Through Ethanol Fireplace with 72 Inch Burner"
"outdoor-fireplaces-scraped.json","","BIO-FB-SS-XL-30RC-SILVER-SPACER","Bio","Bio Flame 52 Inch XL Ethanol Fireplace with 30 Inch Remote Control Burner"
"outdoor-fireplaces-scraped.json","","BIO-RC-18-SILVER","Bio","Bio Flame 18 Inch Remote Control Ethanol Fireplace Burner"
"outdoor-fireplaces-scraped.json","","BIO-FB-SS-84-60RC-SILVER-SPACER","Bio","Bio Flame 84 Inch Ethanol Fireplace with 60 Inch Remote Control Burner"
"outdoor-fireplaces-scraped.json","","BIO-FB-SS-84-72RC-SILVER-SPACER","Bio","Bio Flame 84 Inch Ethanol Fireplace with 72 Inch Remote Control Burner"
"outdoor-fireplaces-scraped.json","","BIO-FB-SS-96-84M-SILVER-SPACER","Bio","Bio Flame 96 Inch Ethanol Fireplace with 84 Inch Burner"
"outdoor-fireplaces-scraped.json","","BIO-FB-SS-72-60RC-BLACK-FLUSH","Bio","Bio Flame 72 Inch Ethanol Fireplace with 60 Inch Remote Control Burner"
"outdoor-fireplaces-scraped.json","","BIO-FB-DS-XL-38M-SILVER-SPACER","Bio","Bio Flame 52 Inch XL See-Through Ethanol Fireplace with 38 Inch Burner"
"outdoor-fireplaces-scraped.json","","BIO-FB-SS-38-24RC-SILVER-SPACER","Bio","Bio Flame 39 Inch Ethanol Fireplace with 24 Inch Remote Control Burner"
"outdoor-fireplaces-scraped.json","","BIO-FB-DS-96-84M-SILVER-SPACER","Bio","Bio Flame 96 Inch See-Through Ethanol Fireplace with 84 Inch Burner"
"outdoor-fireplaces-scraped.json","","BIO-FB-DS-XL-30RC-SILVER-SPACER","Bio","Bio Flame 52 Inch XL See-Through Ethanol Fireplace with 30 Inch Remote Control Burner"
"outdoor-fireplaces-scraped.json","","BIO-FB-DS-84-72RC-SILVER-SPACER","Bio","Bio Flame 84 Inch See-Through Ethanol Fireplace with 72 Inch Remote Control Burner"
"outdoor-fireplaces-scraped.json","","BIO-FB-DS-96-84RC-SILVER-SPACER","Bio","Bio Flame 96 Inch See-Through Ethanol Fireplace with 84 Inch Remote Control Burner"
"outdoor-fireplaces-scraped.json","","BIO-LOTTE","Bio","Bio Flame 36 Inch Lotte Wall Mount Ethanol Fireplace"
"outdoor-fireplaces-scraped.json","","BIO-FB-DS-38-18RC-SILVER","Bio","Bio Flame 39 Inch See-Through Ethanol Fireplace with 18 Inch Remote Control Burner"
"outdoor-fireplaces-scraped.json","","BIO-FB-DS-84-72M-SILVER-SPACER","Bio","Bio Flame 84 Inch See-Through Ethanol Fireplace with 72 Inch Burner"
"outdoor-fireplaces-scraped.json","","BIO-FB-SS-24-16M-BLACK-FLUSH","Bio","Bio Flame 24 Inch Ethanol Fireplace with 16 Inch Burner"
"outdoor-fireplaces-scraped.json","","BIO-FB-SS-38-16M-SILVER-SPACER","Bio","Bio Flame 38 Inch Ethanol Fireplace with 16 Inch Burner"
"outdoor-fireplaces-scraped.json","","BIO-FB-SS-38-24M-SILVER-SPACER","Bio","Bio Flame 39 Inch Ethanol Fireplace with 24 Inch Burner"
"outdoor-fireplaces-scraped.json","","BIO-FB-SS-84-72M-SILVER-SPACER","Bio","Bio Flame 84 Inch Ethanol Fireplace with 72 Inch Burner"
"outdoor-fireplaces-scraped.json","","BIO-FB-SS-XL-38RC-SILVER-SPACER","Bio","Bio Flame 52 Inch XL Ethanol Fireplace with 38 Inch Remote Control Burner"
"outdoor-fireplaces-scraped.json","","BIO-FB-DS-XL-38RC-SILVER-SPACER","Bio","Bio Flame 52 Inch XL See-Through Ethanol Fireplace with 38 Inch Remote Control Burner"
"outdoor-fireplaces-scraped.json","","BIO-FB-DS-24-16M-BLACK-FLUSH","Bio","Bio Flame 24 Inch See-Through Ethanol Fireplace with 16 Inch Burner"
"outdoor-fireplaces-scraped.json","","BIO-ROGUE-2-0-DS-BLACK","Bio","Bio Flame 36 Inch Rogue 2.0 Double-Sided Free Standing Ethanol Fireplace"
"outdoor-fireplaces-scraped.json","","FRS-01471","Fire","Fire Sense 28 Inch Bessemer Portable Patio Fireplace"
"pellet-stoves-scraped.json","","DRO-DP00070","Drolet","Drolet Eco-55 Pellet Stove"
"pellet-stoves-scraped.json","","DRO-DP00070KVB","Drolet","Drolet Eco-55 Pellet Stove with Basement Venting Kit"
"pellet-stoves-scraped.json","","DRO-DP00070KVG","Drolet","Drolet Eco-55 Pellet Stove with Ground Floor Kit"
"pellet-stoves-scraped.json","","DRO-DP00071K","Drolet","Drolet Eco-55 ST Pellet Stove with Maintenance Kit"
"wood-fireplaces-scraped.json","","OSB-OB04007","Osburn","Osburn Stratford II Wood Burning Fireplace"
"wood-fireplaces-scraped.json","","VAL-FP10R","Valcourt","Valcourt Lafayette II Wood Burning Fireplace"
"wood-fireplaces-scraped.json","","VAL-FP15A","Valcourt","Valcourt Arched Faceplate Waterloo Wood Burning Fireplace"
"wood-fireplaces-scraped.json","","VAL-FP10RS","Valcourt","Valcourt Lafayette IIS Wood Burning Fireplace"
"wood-fireplaces-scraped.json","","STA-SA-36CN","Stone","Stone Age Manufacturing 36 Inch Contractor Fireplace Kit"
"wood-fireplaces-scraped.json","","STA-SA-48CN","Stone","Stone Age Manufacturing 48 Inch Contractor Fireplace Kit"
"wood-fireplaces-scraped.json","","VAL-FP12R","Valcourt","Valcourt Mundo II Wood Burning Fireplace"
"wood-fireplaces-scraped.json","","FRK-01FR0048","FireRock","FireRock 48 Inch Conventional Masonry Fireplace"
"wood-fireplaces-scraped.json","","VAL-FP15","Valcourt","Valcourt Waterloo Wood Burning Fireplace"
"wood-fireplaces-scraped.json","","OSB-OB04010","Osburn","Osburn EPA Certified Horizon Wood Fireplace - OB04011"
"wood-fireplaces-scraped.json","","FRK-01FR0348","FireRock","FireRock 48 Inch See-Through Vented Masonry Fireplace"
"wood-fireplaces-scraped.json","","VAL-FP11","Valcourt","Valcourt Frontenac Wood Burning Fireplace"
"wood-fireplaces-scraped.json","","OSB-OB04016","Osburn","Osburn Everest II Wood Burning Fireplace"
"wood-fireplaces-scraped.json","","FRK-01FR0330","FireRock","FireRock 30 Inch See-Through Vented Masonry Fireplace"
"wood-fireplaces-scraped.json","","STA-SA48","Stone","Stone Age Manufacturing 48 Inch Standard Fireplace Kit"
"wood-fireplaces-scraped.json","","FRK-01FR0536","FireRock","FireRock 36 Inch Rumford Style Vented Masonry Fireplace"
"wood-fireplaces-scraped.json","","VAL-FP1LM","Valcourt","Valcourt Manoir Wood Burning Fireplace"
"wood-fireplaces-scraped.json","","FRK-01FR0860","FireRock","FireRock 60 Inch Linear Masonry Fireplace"
"wood-fireplaces-scraped.json","","FRK-01FR1042","FireRock","FireRock 42 Inch California Conventional Masonry Fireplace"
"wood-fireplaces-scraped.json","","STA-SA-24CN","Stone","Stone Age Manufacturing 24 Inch Contractor Outdoor Fireplace Kit"
"wood-fireplaces-scraped.json","","FRK-01FR0548","FireRock","FireRock 48 Inch Rumford Style Vented Masonry Fireplace"
"wood-fireplaces-scraped.json","","STA-SA36","Stone","Stone Age Manufacturing 36 Inch Standard Fireplace Kit"
"wood-fireplaces-scraped.json","","FRK-01FR0042","FireRock","FireRock 42 Inch Conventional Masonry Fireplace"
"wood-fireplaces-scraped.json","","FRK-01FR0036","FireRock","FireRock 36 Inch Conventional Masonry Fireplace"
"wood-fireplaces-scraped.json","","FRK-01FR1230","FireRock","FireRock 30 Inch Arched Outdoor Masonry Fireplace"
"wood-fireplaces-scraped.json","","FRK-01FR0542","FireRock","FireRock 42 Inch Rumford Style Vented Masonry Fireplace"
"wood-fireplaces-scraped.json","","FRK-01FR1048","FireRock","FireRock 48 Inch California Conventional Masonry Fireplace"
"wood-fireplaces-scraped.json","","FRK-01FR0736","FireRock","FireRock 36 Inch Straight Outdoor Masonry Fireplace"
"wood-fireplaces-scraped.json","","STA-NA36","Stone","Stone Age Manufacturing 36 Inch Zero Clearance Fireplace Kit"
"wood-fireplaces-scraped.json","","VAL-FP7CB","Valcourt","Valcourt Antoinette Wood Burning Fireplace"
"wood-fireplaces-scraped.json","","STA-SA-36CN-ST","Stone","Stone Age Manufacturing 36 Inch Contractor See-Through Fireplace Kit"
"wood-fireplaces-scraped.json","","FRK-01FR0060","FireRock","FireRock 60 Inch Conventional Oversized Masonry Fireplace"
"wood-fireplaces-scraped.json","","STA-SA-24CN-ST","Stone","Stone Age Manufacturing 24 Inch Contractor See-Through Fireplace Kit"
"wood-fireplaces-scraped.json","","STA-SA24-NB","Stone","Stone Age Manufacturing 24 Inch Standard Fireplace Kit without Firebrick"
"wood-fireplaces-scraped.json","","VAL-FP18R","Valcourt","Valcourt 42 Inch Dallaire II High Efficiency Wood Burning Fireplace"
"wood-fireplaces-scraped.json","","FRK-01FR1242","FireRock","FireRock 42 Inch Arched Outdoor Masonry Fireplace"
"wood-fireplaces-scraped.json","","FRK-01FR1030","FireRock","FireRock 30 Inch California Conventional Masonry Fireplace"
"wood-fireplaces-scraped.json","","VAL-FP16","Valcourt","Valcourt Saint Laurent Linear Wood Burning Fireplace"
"wood-fireplaces-scraped.json","","FRK-01FR1036","FireRock","FireRock 36 Inch California Conventional Masonry Fireplace"
"wood-fireplaces-scraped.json","","FRK-01FR0336","FireRock","FireRock 36 Inch See-Through Vented Masonry Fireplace"
"wood-fireplaces-scraped.json","","FRK-01FR0742","FireRock","FireRock 42 Inch Straight Outdoor Masonry Fireplace"
"wood-fireplaces-scraped.json","","STA-NA48","Stone","Stone Age Manufacturing 48 Inch Zero Clearance Fireplace Kit"
"wood-fireplaces-scraped.json","","FRK-01FR0730","FireRock","FireRock 30 Inch Straight Outdoor Masonry Fireplace"
"wood-fireplaces-scraped.json","","FRK-01FR1236","FireRock","FireRock 36 Inch Arched Outdoor Masonry Fireplace"
"wood-fireplaces-scraped.json","","FRK-01FR0530","FireRock","FireRock 30 Inch Rumford Style Vented Masonry Fireplace"
"wood-fireplaces-scraped.json","","STA-SA-48CN-ST","Stone","Stone Age Manufacturing 48 Inch Contractor See-Through Fireplace Kit"
"wood-fireplaces-scraped.json","","DRO-DE00401","Drolet","Drolet Bora Outdoor Wood Burning Fireplace"
"wood-fireplaces-scraped.json","","FRK-01FR0342","FireRock","FireRock 42 Inch See-Through Vented Masonry Fireplace"
"wood-fireplaces-scraped.json","","FRK-01FR0872","FireRock","FireRock 72 Inch Linear Masonry Fireplace"
"wood-fireplaces-scraped.json","","STA-NA72","Stone","Stone Age Manufacturing 72 Inch New Age Zero-Clearance Fireplace with Straight Lintel"
"wood-fireplaces-scraped.json","","FRK-01FR0072","FireRock","FireRock 72 Inch Conventional Oversized Masonry Fireplace"
"wood-fireplaces-scraped.json","","STA-SA24","Stone","Stone Age Manufacturing 24 Inch Standard Fireplace Kit"
"wood-fireplaces-scraped.json","","STA-SA48-NB","Stone","Stone Age Manufacturing 48 Inch Standard Fireplace Kit without Firebrick"
"wood-fireplaces-scraped.json","","FRK-01FR0030","FireRock","FireRock 30 Inch Conventional Masonry Fireplace"
"wood-fireplaces-scraped.json","","VAL-FP10RSK","Valcourt","Valcourt Lafayette IIS Wood Burning Fireplace with Chimney"
"wood-fireplaces-scraped.json","","SDZ-FSN-748","SunnyDaze","SunnyDaze 32 Inch Bronze-Look Woodburning Outdoor Fireplace with Log Storage"
"wood-fireplaces-scraped.json","","STA-SA48-ST","Stone","Stone Age Manufacturing 48 Inch Standard See Through Fireplace Kit"
"wood-fireplaces-scraped.json","","STA-NA42","Stone","Stone Age Manufacturing 42 Inch Zero Clearance Fireplace Kit"
"wood-fireplaces-scraped.json","","STA-SA36-NB","Stone","Stone Age Manufacturing 36 Inch Standard Fireplace Kit without Firebrick"
"wood-fireplaces-scraped.json","","STA-SA24-ST","Stone","Stone Age Manufacturing 24 Inch Standard See Through Fireplace Kit"
"wood-fireplaces-scraped.json","","STA-NA60","Stone","Stone Age Manufacturing 60 Inch New Age Zero-Clearance Fireplace with Straight Lintel"
"wood-fireplaces-scraped.json","","STA-SA36-ST","Stone","Stone Age Manufacturing 36 Inch Standard See Through Fireplace Kit"
"wood-inserts-scraped.json","","DRO-DB03137K3","Drolet","Drolet Escape 1500-I Wood Burning Fireplace Insert Kit - 35 Feet"
"wood-inserts-scraped.json","","OSB-OB01900","Osburn","Osburn Matrix 1900 Wood Burning Fireplace Insert"
"wood-inserts-scraped.json","","OSB-OB02028","Osburn","Osburn 36 Inch Matrix Wood Fireplace Insert"
"wood-inserts-scraped.json","","DRO-DB03125","Drolet","Drolet Escape 1800-I Wood Burning Fireplace Insert"
"wood-inserts-scraped.json","","OSB-OB03510","Osburn","Osburn 3500 Wood Fireplace Insert"
"wood-inserts-scraped.json","","DRO-DB03127K","Drolet","Drolet Escape 1800-I Wood Burning Fireplace Insert Kit - 25 Feet"
"wood-inserts-scraped.json","","DRO-DB03137K","Drolet","Drolet Escape 1500-I Wood Burning Fireplace Insert Kit - 25 Feet"
"wood-inserts-scraped.json","","DRO-DB03128K","Drolet","Drolet Escape 1800-I Wood Burning Fireplace Insert Kit - 35 Feet"
"wood-inserts-scraped.json","","OSB-OB02700","Osburn","Osburn Matrix 2700 Wood Burning Fireplace Insert"
"wood-inserts-scraped.json","","OSB-OB01705","Osburn","Osburn 1700 Wood Burning Fireplace Insert"
"wood-inserts-scraped.json","","OSB-OB02045","Osburn","Osburn Inspire 2000 Wood Burning Fireplace Insert"
"wood-inserts-scraped.json","","DRO-DB03137","Drolet","Drolet Escape 1500-I Wood Burning Fireplace Insert"
"wood-inserts-scraped.json","","SBI-OB02011","Osburn","Osburn 2000 Wood Burning Fireplace Insert"
"wood-stoves-scraped.json","","SBI-DB00400","Drolet","Drolet 13 Inch Hunter Small Portable Camp Wood Stove"
"wood-stoves-scraped.json","","DRO-DB04815","Drolet","Drolet Bistro Wood Burning Cookstove"
"wood-stoves-scraped.json","","DRO-DB02811","Drolet","Drolet Blackcomb II Wood Burning Stove"
"wood-stoves-scraped.json","","DRO-DB03016","Drolet","Drolet Columbia II Wood Burning Stove"
"wood-stoves-scraped.json","","DRO-DB03205","Drolet","Drolet Deco II Wood Burning Stove"
"wood-stoves-scraped.json","","DRO-DB03215","Drolet","Drolet Deco Nano Wood Burning Stove"
"wood-stoves-scraped.json","","DRO-DB03182","Drolet","Drolet Escape 1200 Wood Burning Stove"
"wood-stoves-scraped.json","","DRO-DB03135","Drolet","Drolet Escape 1500 Wood Burning Stove"
"wood-stoves-scraped.json","","DRO-DB03111","Drolet","Drolet Escape 1800 Wood Burning Stove with Brushed Nickel Door"
"wood-stoves-scraped.json","","DRO-DB03105","Drolet","Drolet Escape 1800 Wood Burning Stove with Legs"
"wood-stoves-scraped.json","","DRO-DB03102","Drolet","Drolet Escape 1800 Wood Burning Stove with Pedestal"
"wood-stoves-scraped.json","","DRO-DB03129","Drolet","Drolet Escape 2100 Extra Large Wood Burning Stove"
"wood-stoves-scraped.json","","DRO-DB03186","Drolet","Drolet Fox Wood Burning Stove"
"wood-stoves-scraped.json","","DRO-DB07300","Drolet","Drolet HT-3000 Extra Large Wood Burning Stove"
"wood-stoves-scraped.json","","DRO-DB04800","Drolet","Drolet Outback Chef Wood Burning Cookstove"
"wood-stoves-scraped.json","","DRO-DB03401","Drolet","Drolet Spark II Wood Burning Stove"
"wood-stoves-scraped.json","","OSB-OB01700","Osburn","Osburn 1700 Wood Burning Stove"
"wood-stoves-scraped.json","","OSB-OB02010","Osburn","Osburn 2000 Wood Burning Stove With Blower"
"wood-stoves-scraped.json","","OSB-OB03500","Osburn","Osburn 3500 Extra Large Wood Burning Stove with Blower"
"wood-stoves-scraped.json","","OSB-OB00950","Osburn","Osburn 950 Series Wood Burning Stove"
"wood-stoves-scraped.json","","OSB-OB02042","Osburn","Osburn Inspire 2000 Wood Burning Stove"
"wood-stoves-scraped.json","","OSB-OB02032","Osburn","Osburn Matrix Wood Burning Stove with Blower"
